Starting_lon,Starting_lat,Ending_lon,Ending_lat,user,time_start
-123.09034654700001,49.2403060841,-123.069673458,49.2668846906,user_0,1900-01-01 07:05:00
-123.16785,49.248146999999996,-123.139843258,49.2269657796,user_1,1900-01-01 07:15:00
-123.128315696,49.2265526221,-123.07609869299999,49.2501130929,user_2,1900-01-01 09:25:00
-123.11843675,49.241083886400006,-123.09077388799999,49.225471775600006,user_3,1900-01-01 09:00:00
-123.21502423,49.26910378310001,-123.10997160299999,49.281509881999995,user_4,1900-01-01 07:05:00
-123.177687265,49.2684961117,-123.099847466,49.2767663437,user_5,1900-01-01 08:35:00
-123.12301383399999,49.2792581479,-123.147802739,49.2724627556,user_6,1900-01-01 08:10:00
-123.096325371,49.2666314992,-123.10002805100001,49.272776245799996,user_7,1900-01-01 07:45:00
-123.12280895,49.283295636000005,-123.107619,49.278599,user_8,1900-01-01 08:10:00
-123.120803418,49.281996201999995,-123.185185908,49.250060737,user_9,1900-01-01 09:00:00
-123.07744527,49.26518502890001,-123.058719415,49.2397773113,user_10,1900-01-01 07:05:00
-123.09538159799999,49.2812570658,-123.112899724,49.263181979799995,user_11,1900-01-01 09:40:00
-123.115187022,49.280596449499996,-123.115059975,49.2109621289,user_12,1900-01-01 07:35:00
-123.120082757,49.2837644604,-123.09538159799999,49.2812570658,user_13,1900-01-01 07:00:00
-123.09695776299999,49.2776183728,-123.11750297200001,49.2632604788,user_14,1900-01-01 08:55:00
-123.09993285899999,49.2749235159,-123.069673458,49.2668846906,user_15,1900-01-01 09:30:00
-123.120082757,49.2837644604,-123.087357988,49.276536586499994,user_16,1900-01-01 09:30:00
-123.123615666,49.2775630379,-123.11597598600001,49.2748617251,user_17,1900-01-01 08:20:00
-123.087357988,49.276536586499994,-123.099514003,49.262859212799995,user_18,1900-01-01 08:05:00
-123.065753555,49.269568195299996,-123.091683441,49.2766128247,user_19,1900-01-01 07:50:00
-123.14112527700001,49.2608114862,-123.087444901,49.2706708206,user_20,1900-01-01 09:00:00
-123.10002805100001,49.272776245799996,-123.1065726,49.2692739898,user_21,1900-01-01 09:20:00
-123.069850885,49.257750086,-123.177687265,49.2684961117,user_22,1900-01-01 09:10:00
-123.11750297200001,49.2632604788,-123.076404974,49.240209147399995,user_23,1900-01-01 08:55:00
-123.18533904700001,49.2347662113,-123.06589199999999,49.220281,user_24,1900-01-01 08:05:00
-123.11582735299999,49.2865771241,-123.11843675,49.241083886400006,user_25,1900-01-01 09:25:00
-123.11751723100001,49.277783468500004,-123.10465900000001,49.269245,user_26,1900-01-01 09:20:00
-123.113478191,49.2817260008,-123.091683441,49.2766128247,user_27,1900-01-01 08:50:00
-123.09695776299999,49.2776183728,-123.18533904700001,49.2347662113,user_28,1900-01-01 08:30:00
-123.115420183,49.282982340699995,-123.089731102,49.2765786555,user_29,1900-01-01 09:50:00
-123.101921386,49.2749544675,-123.11582735299999,49.2865771241,user_30,1900-01-01 08:45:00
-123.07744527,49.26518502890001,-123.09077388799999,49.225471775600006,user_31,1900-01-01 09:40:00
-123.119280655,49.274517794,-123.185185908,49.250060737,user_32,1900-01-01 07:35:00
-123.123752595,49.2853080821,-123.106787995,49.282930139099996,user_33,1900-01-01 08:50:00
-123.089731102,49.2765786555,-123.07615219700001,49.2484807388,user_34,1900-01-01 08:45:00
-123.099847466,49.2767663437,-123.12419047600001,49.2633680021,user_35,1900-01-01 07:55:00
-123.089118945,49.2624736634,-123.089502141,49.271017863000004,user_36,1900-01-01 09:20:00
-123.107619,49.278599,-123.054750496,49.2248164751,user_37,1900-01-01 07:45:00
-123.110750647,49.2259042666,-123.16785,49.248146999999996,user_38,1900-01-01 07:55:00
-123.138491261,49.2653469543,-123.099847466,49.2767663437,user_39,1900-01-01 07:45:00
-123.177687265,49.2684961117,-123.138557673,49.263597882700005,user_40,1900-01-01 08:05:00
-123.107619,49.278599,-123.12975513200001,49.2773655008,user_41,1900-01-01 08:40:00
-123.089731102,49.2765786555,-123.120082757,49.2837644604,user_42,1900-01-01 09:00:00
-123.089118945,49.2624736634,-123.115576462,49.2765265229,user_43,1900-01-01 08:40:00
-123.06589199999999,49.220281,-123.168174255,49.2640703614,user_44,1900-01-01 07:00:00
-123.101632015,49.2256631115,-123.115576462,49.2765265229,user_45,1900-01-01 07:10:00
-123.115576462,49.2765265229,-123.076404974,49.240209147399995,user_46,1900-01-01 07:50:00
-123.065753555,49.269568195299996,-123.10002805100001,49.272776245799996,user_47,1900-01-01 08:25:00
-123.033980561,49.244557573,-123.10002805100001,49.272776245799996,user_48,1900-01-01 07:40:00
-123.07609869299999,49.2501130929,-123.168281715,49.269261076599996,user_49,1900-01-01 07:15:00
-123.140519905,49.2086241686,-123.08666271700001,49.2662191558,user_50,1900-01-01 07:00:00
-123.08370093399999,49.2538475995,-123.058719415,49.2397773113,user_51,1900-01-01 07:05:00
-123.120082757,49.2837644604,-123.054750496,49.2248164751,user_52,1900-01-01 07:00:00
-123.058719415,49.2397773113,-123.14112527700001,49.2608114862,user_53,1900-01-01 09:40:00
-123.11582735299999,49.2865771241,-123.112899724,49.263181979799995,user_54,1900-01-01 09:35:00
-123.09981243200001,49.277670830699996,-123.089731102,49.2765786555,user_55,1900-01-01 07:00:00
-123.065356616,49.239225613,-123.07615219700001,49.2484807388,user_56,1900-01-01 09:40:00
-123.11751723100001,49.277783468500004,-123.101921386,49.2749544675,user_57,1900-01-01 08:10:00
-123.14112527700001,49.2608114862,-123.07615219700001,49.2484807388,user_58,1900-01-01 09:40:00
-123.08370093399999,49.2538475995,-123.119828255,49.2813645595,user_59,1900-01-01 07:30:00
-123.13543423899999,49.291476506,-123.113478191,49.2817260008,user_60,1900-01-01 07:55:00
-123.12301383399999,49.2792581479,-123.087444901,49.2706708206,user_61,1900-01-01 08:00:00
-123.107619,49.278599,-123.069850885,49.257750086,user_62,1900-01-01 08:40:00
-123.07615219700001,49.2484807388,-123.089118945,49.2624736634,user_63,1900-01-01 07:20:00
-123.11597598600001,49.2748617251,-123.054750496,49.2248164751,user_64,1900-01-01 08:50:00
-123.07744527,49.26518502890001,-123.109418687,49.2692955087,user_65,1900-01-01 07:15:00
-123.077052906,49.2830681576,-123.07609869299999,49.2501130929,user_66,1900-01-01 09:30:00
-123.168281715,49.269261076599996,-123.118374355,49.2848939841,user_67,1900-01-01 07:15:00
-123.099514003,49.262859212799995,-123.16785,49.248146999999996,user_68,1900-01-01 08:55:00
-123.08666271700001,49.2662191558,-123.112827576,49.2648206349,user_69,1900-01-01 07:40:00
-123.12906961899999,49.281790333000004,-123.119139478,49.288358929,user_70,1900-01-01 08:55:00
-123.10002805100001,49.272776245799996,-123.101632015,49.2256631115,user_71,1900-01-01 07:05:00
-123.130384076,49.2756782312,-123.054750496,49.2248164751,user_72,1900-01-01 08:10:00
-123.10002805100001,49.272776245799996,-123.130384076,49.2756782312,user_73,1900-01-01 09:15:00
-123.091683441,49.2766128247,-123.077052906,49.2830681576,user_74,1900-01-01 08:35:00
-123.16826699999999,49.263222,-123.07615219700001,49.2484807388,user_75,1900-01-01 07:55:00
-123.10002805100001,49.272776245799996,-123.10465900000001,49.269245,user_76,1900-01-01 08:30:00
-123.115576462,49.2765265229,-123.109418687,49.2692955087,user_77,1900-01-01 09:05:00
-123.09538159799999,49.2812570658,-123.120803418,49.281996201999995,user_78,1900-01-01 07:30:00
-123.121790625,49.282634398999996,-123.08370093399999,49.2538475995,user_79,1900-01-01 09:00:00
-123.09034654700001,49.2403060841,-123.09077388799999,49.225471775600006,user_80,1900-01-01 07:35:00
-123.07609869299999,49.2501130929,-123.128315696,49.2265526221,user_81,1900-01-01 09:15:00
-123.054750496,49.2248164751,-123.11843675,49.241083886400006,user_82,1900-01-01 09:40:00
-123.120406933,49.287520281999996,-123.07609869299999,49.2501130929,user_83,1900-01-01 08:00:00
-123.122005399,49.286463337,-123.087444901,49.2706708206,user_84,1900-01-01 09:35:00
-123.089502141,49.271017863000004,-123.123382958,49.2815805258,user_85,1900-01-01 09:55:00
-123.089502141,49.271017863000004,-123.089502141,49.271017863000004,user_86,1900-01-01 09:55:00
-123.11843675,49.241083886400006,-123.099514003,49.262859212799995,user_87,1900-01-01 09:25:00
-123.123752595,49.2853080821,-123.076404974,49.240209147399995,user_88,1900-01-01 08:40:00
-123.122005399,49.286463337,-123.12419047600001,49.2633680021,user_89,1900-01-01 08:30:00
-123.076404974,49.240209147399995,-123.11751723100001,49.277783468500004,user_90,1900-01-01 09:15:00
-123.115420183,49.282982340699995,-123.124606431,49.2782041759,user_91,1900-01-01 09:10:00
-123.076404974,49.240209147399995,-123.089118945,49.2624736634,user_92,1900-01-01 09:40:00
-123.115059975,49.2109621289,-123.099847466,49.2767663437,user_93,1900-01-01 07:50:00
-123.065753555,49.269568195299996,-123.07615219700001,49.2484807388,user_94,1900-01-01 08:20:00
-123.18533904700001,49.2347662113,-123.07609869299999,49.2501130929,user_95,1900-01-01 07:05:00
-123.096325371,49.2666314992,-123.099847466,49.2767663437,user_96,1900-01-01 07:10:00
-123.14112527700001,49.2608114862,-123.128315696,49.2265526221,user_97,1900-01-01 08:20:00
-123.07744527,49.26518502890001,-123.139843258,49.2269657796,user_98,1900-01-01 08:15:00
-123.099514003,49.262859212799995,-123.10465900000001,49.269245,user_99,1900-01-01 07:55:00
-123.121672429,49.2763069078,-123.140519905,49.2086241686,user_100,1900-01-01 07:50:00
-123.185185908,49.250060737,-123.21502423,49.26910378310001,user_101,1900-01-01 09:50:00
-123.121421539,49.280311269799995,-123.07615219700001,49.2484807388,user_102,1900-01-01 07:50:00
-123.08370093399999,49.2538475995,-123.126693961,49.260580178299996,user_103,1900-01-01 07:05:00
-123.107619,49.278599,-123.10465900000001,49.269245,user_104,1900-01-01 09:00:00
-123.099847466,49.2767663437,-123.120803418,49.281996201999995,user_105,1900-01-01 09:50:00
-123.09993285899999,49.2749235159,-123.08666271700001,49.2662191558,user_106,1900-01-01 07:30:00
-123.11750297200001,49.2632604788,-123.06970926,49.265075698100006,user_107,1900-01-01 08:45:00
-123.140519905,49.2086241686,-123.091683441,49.2766128247,user_108,1900-01-01 08:20:00
-123.099847466,49.2767663437,-123.09695776299999,49.2776183728,user_109,1900-01-01 08:50:00
-123.087444901,49.2706708206,-123.123382958,49.2815805258,user_110,1900-01-01 09:00:00
-123.110750647,49.2259042666,-123.087444901,49.2706708206,user_111,1900-01-01 07:45:00
-123.14112527700001,49.2608114862,-123.120406933,49.287520281999996,user_112,1900-01-01 07:20:00
-123.100657499,49.2701171877,-123.18533904700001,49.2347662113,user_113,1900-01-01 07:05:00
-123.098200891,49.2677637474,-123.09695776299999,49.2776183728,user_114,1900-01-01 08:45:00
-123.100997658,49.2620105139,-123.089502141,49.271017863000004,user_115,1900-01-01 09:55:00
-123.10002805100001,49.272776245799996,-123.065356616,49.239225613,user_116,1900-01-01 08:55:00
-123.115576462,49.2765265229,-123.099847466,49.2767663437,user_117,1900-01-01 09:15:00
-123.16785,49.248146999999996,-123.11634291899999,49.2298159007,user_118,1900-01-01 08:25:00
-123.101921386,49.2749544675,-123.08370093399999,49.2538475995,user_119,1900-01-01 09:55:00
-123.11597598600001,49.2748617251,-123.177687265,49.2684961117,user_120,1900-01-01 08:40:00
-123.112827576,49.2648206349,-123.115420183,49.282982340699995,user_121,1900-01-01 08:35:00
-123.107619,49.278599,-123.109418687,49.2692955087,user_122,1900-01-01 08:25:00
-123.126624985,49.2624401125,-123.13543423899999,49.291476506,user_123,1900-01-01 07:20:00
-123.116809099,49.2859282137,-123.06589199999999,49.220281,user_124,1900-01-01 09:25:00
-123.069850885,49.257750086,-123.08370093399999,49.2538475995,user_125,1900-01-01 08:05:00
-123.07609869299999,49.2501130929,-123.100657499,49.2701171877,user_126,1900-01-01 08:35:00
-123.168174255,49.2640703614,-123.121790625,49.282634398999996,user_127,1900-01-01 08:55:00
-123.07744527,49.26518502890001,-123.065753555,49.269568195299996,user_128,1900-01-01 08:20:00
-123.033980561,49.244557573,-123.09538159799999,49.2812570658,user_129,1900-01-01 08:25:00
-123.106787995,49.282930139099996,-123.138491261,49.2653469543,user_130,1900-01-01 09:20:00
-123.120803418,49.281996201999995,-123.054750496,49.2248164751,user_131,1900-01-01 08:25:00
-123.033980561,49.244557573,-123.141019668,49.263637379399995,user_132,1900-01-01 08:00:00
-123.100657499,49.2701171877,-123.076404974,49.240209147399995,user_133,1900-01-01 07:05:00
-123.115576462,49.2765265229,-123.10002805100001,49.272776245799996,user_134,1900-01-01 08:45:00
-123.054750496,49.2248164751,-123.077052906,49.2830681576,user_135,1900-01-01 07:25:00
-123.115420183,49.282982340699995,-123.09993285899999,49.2749235159,user_136,1900-01-01 08:20:00
-123.100997658,49.2620105139,-123.125206834,49.2765088429,user_137,1900-01-01 08:15:00
-123.113478191,49.2817260008,-123.099514003,49.262859212799995,user_138,1900-01-01 09:40:00
-123.100657499,49.2701171877,-123.115576462,49.2765265229,user_139,1900-01-01 07:50:00
-123.100657499,49.2701171877,-123.16826699999999,49.263222,user_140,1900-01-01 08:05:00
-123.101632015,49.2256631115,-123.101921386,49.2749544675,user_141,1900-01-01 08:30:00
-123.100657499,49.2701171877,-123.10997160299999,49.281509881999995,user_142,1900-01-01 08:50:00
-123.033980561,49.244557573,-123.096325371,49.2666314992,user_143,1900-01-01 08:25:00
-123.089502141,49.271017863000004,-123.13119697799999,49.280384005500004,user_144,1900-01-01 08:55:00
-123.099847466,49.2767663437,-123.139843258,49.2269657796,user_145,1900-01-01 07:40:00
-123.08370093399999,49.2538475995,-123.069850885,49.257750086,user_146,1900-01-01 08:15:00
-123.115187022,49.280596449499996,-123.10002805100001,49.272776245799996,user_147,1900-01-01 09:20:00
-123.16826699999999,49.263222,-123.121790625,49.282634398999996,user_148,1900-01-01 07:55:00
-123.113478191,49.2817260008,-123.121421539,49.280311269799995,user_149,1900-01-01 08:35:00
-123.089118945,49.2624736634,-123.138557673,49.263597882700005,user_150,1900-01-01 08:15:00
-123.123266413,49.275251612,-123.07609869299999,49.2501130929,user_151,1900-01-01 08:20:00
-123.089731102,49.2765786555,-123.11843675,49.241083886400006,user_152,1900-01-01 09:20:00
-123.112899724,49.263181979799995,-123.120406933,49.287520281999996,user_153,1900-01-01 07:30:00
-123.06960560899999,49.2705090582,-123.112827576,49.2648206349,user_154,1900-01-01 08:40:00
-123.119828255,49.2813645595,-123.170258318,49.2347410725,user_155,1900-01-01 09:20:00
-123.140519905,49.2086241686,-123.121790625,49.282634398999996,user_156,1900-01-01 08:10:00
-123.112827576,49.2648206349,-123.130384076,49.2756782312,user_157,1900-01-01 09:45:00
-123.076404974,49.240209147399995,-123.096325371,49.2666314992,user_158,1900-01-01 08:05:00
-123.09034654700001,49.2403060841,-123.128315696,49.2265526221,user_159,1900-01-01 07:35:00
-123.099514003,49.262859212799995,-123.058719415,49.2397773113,user_160,1900-01-01 07:05:00
-123.185185908,49.250060737,-123.112827576,49.2648206349,user_161,1900-01-01 09:40:00
-123.10465900000001,49.269245,-123.10997160299999,49.281509881999995,user_162,1900-01-01 09:10:00
-123.11843675,49.241083886400006,-123.10002805100001,49.272776245799996,user_163,1900-01-01 07:40:00
-123.1065726,49.2692739898,-123.098200891,49.2677637474,user_164,1900-01-01 07:40:00
-123.139843258,49.2269657796,-123.089502141,49.271017863000004,user_165,1900-01-01 07:55:00
-123.084951895,49.2773986709,-123.123615666,49.2775630379,user_166,1900-01-01 09:40:00
-123.11582735299999,49.2865771241,-123.177687265,49.2684961117,user_167,1900-01-01 09:40:00
-123.089118945,49.2624736634,-123.099847466,49.2767663437,user_168,1900-01-01 09:45:00
-123.11634291899999,49.2298159007,-123.140519905,49.2086241686,user_169,1900-01-01 09:45:00
-123.09077388799999,49.225471775600006,-123.106787995,49.282930139099996,user_170,1900-01-01 08:55:00
-123.104439429,49.279245665699996,-123.06589199999999,49.220281,user_171,1900-01-01 07:10:00
-123.177687265,49.2684961117,-123.09538159799999,49.2812570658,user_172,1900-01-01 09:15:00
-123.07609869299999,49.2501130929,-123.122752149,49.2888021267,user_173,1900-01-01 09:50:00
-123.096325371,49.2666314992,-123.033980561,49.244557573,user_174,1900-01-01 09:00:00
-123.08370093399999,49.2538475995,-123.126693961,49.260580178299996,user_175,1900-01-01 09:20:00
-123.120082757,49.2837644604,-123.16785,49.248146999999996,user_176,1900-01-01 07:30:00
-123.107619,49.278599,-123.11843675,49.241083886400006,user_177,1900-01-01 08:55:00
-123.087357988,49.276536586499994,-123.120803418,49.281996201999995,user_178,1900-01-01 08:30:00
-123.10002805100001,49.272776245799996,-123.12301383399999,49.2792581479,user_179,1900-01-01 07:45:00
-123.116809099,49.2859282137,-123.08666271700001,49.2662191558,user_180,1900-01-01 09:10:00
-123.114857247,49.285949869700005,-123.113478191,49.2817260008,user_181,1900-01-01 07:10:00
-123.16826699999999,49.263222,-123.15529746,49.2638665649,user_182,1900-01-01 08:10:00
-123.11634291899999,49.2298159007,-123.089118945,49.2624736634,user_183,1900-01-01 07:10:00
-123.120803418,49.281996201999995,-123.139843258,49.2269657796,user_184,1900-01-01 07:55:00
-123.140519905,49.2086241686,-123.06589199999999,49.220281,user_185,1900-01-01 08:30:00
-123.099847466,49.2767663437,-123.099847466,49.2767663437,user_186,1900-01-01 08:05:00
-123.10002805100001,49.272776245799996,-123.099514003,49.262859212799995,user_187,1900-01-01 08:05:00
-123.120082757,49.2837644604,-123.07609869299999,49.2501130929,user_188,1900-01-01 08:20:00
-123.10002805100001,49.272776245799996,-123.099847466,49.2767663437,user_189,1900-01-01 09:20:00
-123.138557673,49.263597882700005,-123.107619,49.278599,user_190,1900-01-01 07:50:00
-123.11582735299999,49.2865771241,-123.101632015,49.2256631115,user_191,1900-01-01 08:20:00
-123.139843258,49.2269657796,-123.12419047600001,49.2633680021,user_192,1900-01-01 08:35:00
-123.065753555,49.269568195299996,-123.138557673,49.263597882700005,user_193,1900-01-01 08:45:00
-123.128315696,49.2265526221,-123.087357988,49.276536586499994,user_194,1900-01-01 08:40:00
-123.08370093399999,49.2538475995,-123.076404974,49.240209147399995,user_195,1900-01-01 09:20:00
-123.06983329299999,49.258655168000004,-123.115576462,49.2765265229,user_196,1900-01-01 07:15:00
-123.087357988,49.276536586499994,-123.098200891,49.2677637474,user_197,1900-01-01 09:00:00
-123.120803418,49.281996201999995,-123.118374355,49.2848939841,user_198,1900-01-01 07:05:00
-123.121421539,49.280311269799995,-123.098200891,49.2677637474,user_199,1900-01-01 08:35:00
-123.130384076,49.2756782312,-123.18533904700001,49.2347662113,user_200,1900-01-01 07:50:00
-123.104344,49.281501,-123.069673458,49.2668846906,user_201,1900-01-01 07:05:00
-123.07609869299999,49.2501130929,-123.077052906,49.2830681576,user_202,1900-01-01 09:40:00
-123.141019668,49.263637379399995,-123.14112527700001,49.2608114862,user_203,1900-01-01 08:05:00
-123.11843675,49.241083886400006,-123.11843675,49.241083886400006,user_204,1900-01-01 09:40:00
-123.076404974,49.240209147399995,-123.091683441,49.2766128247,user_205,1900-01-01 09:35:00
-123.112899724,49.263181979799995,-123.07615219700001,49.2484807388,user_206,1900-01-01 08:45:00
-123.06561614200001,49.277534592799995,-123.109418687,49.2692955087,user_207,1900-01-01 08:55:00
-123.120082757,49.2837644604,-123.099847466,49.2767663437,user_208,1900-01-01 08:45:00
-123.089118945,49.2624736634,-123.122005399,49.286463337,user_209,1900-01-01 09:25:00
-123.109418687,49.2692955087,-123.100997658,49.2620105139,user_210,1900-01-01 09:35:00
-123.107619,49.278599,-123.099847466,49.2767663437,user_211,1900-01-01 09:55:00
-123.091683441,49.2766128247,-123.12301383399999,49.2792581479,user_212,1900-01-01 09:30:00
-123.087357988,49.276536586499994,-123.054750496,49.2248164751,user_213,1900-01-01 09:30:00
-123.089731102,49.2765786555,-123.113478191,49.2817260008,user_214,1900-01-01 09:35:00
-123.1065726,49.2692739898,-123.116809099,49.2859282137,user_215,1900-01-01 09:10:00
-123.096325371,49.2666314992,-123.08370093399999,49.2538475995,user_216,1900-01-01 08:40:00
-123.099847466,49.2767663437,-123.09981243200001,49.277670830699996,user_217,1900-01-01 07:15:00
-123.09538159799999,49.2812570658,-123.089118945,49.2624736634,user_218,1900-01-01 07:00:00
-123.115576462,49.2765265229,-123.09034654700001,49.2403060841,user_219,1900-01-01 09:00:00
-123.07615219700001,49.2484807388,-123.141019668,49.263637379399995,user_220,1900-01-01 08:35:00
-123.121790625,49.282634398999996,-123.089118945,49.2624736634,user_221,1900-01-01 07:15:00
-123.110750647,49.2259042666,-123.107619,49.278599,user_222,1900-01-01 08:30:00
-123.087357988,49.276536586499994,-123.109418687,49.2692955087,user_223,1900-01-01 07:35:00
-123.077052906,49.2830681576,-123.10002805100001,49.272776245799996,user_224,1900-01-01 09:00:00
-123.12301383399999,49.2792581479,-123.089118945,49.2624736634,user_225,1900-01-01 07:40:00
-123.087357988,49.276536586499994,-123.128315696,49.2265526221,user_226,1900-01-01 07:05:00
-123.147802739,49.2724627556,-123.099847466,49.2767663437,user_227,1900-01-01 08:45:00
-123.089118945,49.2624736634,-123.054750496,49.2248164751,user_228,1900-01-01 08:55:00
-123.120406933,49.287520281999996,-123.13119697799999,49.280384005500004,user_229,1900-01-01 08:35:00
-123.115576462,49.2765265229,-123.185185908,49.250060737,user_230,1900-01-01 08:10:00
-123.170258318,49.2347410725,-123.07609869299999,49.2501130929,user_231,1900-01-01 07:15:00
-123.089731102,49.2765786555,-123.09077388799999,49.225471775600006,user_232,1900-01-01 09:20:00
-123.11634291899999,49.2298159007,-123.054750496,49.2248164751,user_233,1900-01-01 09:35:00
-123.126624985,49.2624401125,-123.091683441,49.2766128247,user_234,1900-01-01 09:50:00
-123.11634291899999,49.2298159007,-123.100997658,49.2620105139,user_235,1900-01-01 08:50:00
-123.077052906,49.2830681576,-123.09993285899999,49.2749235159,user_236,1900-01-01 09:25:00
-123.140519905,49.2086241686,-123.10002805100001,49.272776245799996,user_237,1900-01-01 08:20:00
-123.141019668,49.263637379399995,-123.091683441,49.2766128247,user_238,1900-01-01 09:50:00
-123.087357988,49.276536586499994,-123.138491261,49.2653469543,user_239,1900-01-01 07:20:00
-123.099847466,49.2767663437,-123.121790625,49.282634398999996,user_240,1900-01-01 09:10:00
-123.126693961,49.260580178299996,-123.07615219700001,49.2484807388,user_241,1900-01-01 09:35:00
-123.116809099,49.2859282137,-123.089502141,49.271017863000004,user_242,1900-01-01 08:10:00
-123.141019668,49.263637379399995,-123.069850885,49.257750086,user_243,1900-01-01 09:25:00
-123.091683441,49.2766128247,-123.087444901,49.2706708206,user_244,1900-01-01 08:40:00
-123.033980561,49.244557573,-123.099514003,49.262859212799995,user_245,1900-01-01 08:00:00
-123.16785,49.248146999999996,-123.11047467899999,49.2778791449,user_246,1900-01-01 08:05:00
-123.07615219700001,49.2484807388,-123.120406933,49.287520281999996,user_247,1900-01-01 09:45:00
-123.128783723,49.276737374300005,-123.09538159799999,49.2812570658,user_248,1900-01-01 08:50:00
-123.099514003,49.262859212799995,-123.134931871,49.2828014946,user_249,1900-01-01 07:10:00
-123.121790625,49.282634398999996,-123.134931871,49.2828014946,user_250,1900-01-01 09:55:00
-123.124606431,49.2782041759,-123.106787995,49.282930139099996,user_251,1900-01-01 07:20:00
-123.123382958,49.2815805258,-123.170258318,49.2347410725,user_252,1900-01-01 07:45:00
-123.065753555,49.269568195299996,-123.134931871,49.2828014946,user_253,1900-01-01 09:00:00
-123.089731102,49.2765786555,-123.09981243200001,49.277670830699996,user_254,1900-01-01 09:05:00
-123.098200891,49.2677637474,-123.076404974,49.240209147399995,user_255,1900-01-01 07:00:00
-123.126624985,49.2624401125,-123.138491261,49.2653469543,user_256,1900-01-01 08:05:00
-123.11750297200001,49.2632604788,-123.116809099,49.2859282137,user_257,1900-01-01 08:15:00
-123.115420183,49.282982340699995,-123.099847466,49.2767663437,user_258,1900-01-01 08:35:00
-123.12280895,49.283295636000005,-123.07609869299999,49.2501130929,user_259,1900-01-01 08:25:00
-123.123615666,49.2775630379,-123.087444901,49.2706708206,user_260,1900-01-01 08:20:00
-123.099847466,49.2767663437,-123.107619,49.278599,user_261,1900-01-01 07:30:00
-123.089502141,49.271017863000004,-123.170258318,49.2347410725,user_262,1900-01-01 08:20:00
-123.084951895,49.2773986709,-123.12906961899999,49.281790333000004,user_263,1900-01-01 07:45:00
-123.08666271700001,49.2662191558,-123.07609869299999,49.2501130929,user_264,1900-01-01 09:55:00
-123.087357988,49.276536586499994,-123.138557673,49.263597882700005,user_265,1900-01-01 09:40:00
-123.123382958,49.2815805258,-123.109418687,49.2692955087,user_266,1900-01-01 09:10:00
-123.12301383399999,49.2792581479,-123.087357988,49.276536586499994,user_267,1900-01-01 09:20:00
-123.110750647,49.2259042666,-123.14112527700001,49.2608114862,user_268,1900-01-01 08:20:00
-123.15529746,49.2638665649,-123.109418687,49.2692955087,user_269,1900-01-01 07:45:00
-123.099847466,49.2767663437,-123.09695776299999,49.2776183728,user_270,1900-01-01 07:55:00
-123.115187022,49.280596449499996,-123.09034654700001,49.2403060841,user_271,1900-01-01 08:25:00
-123.18533904700001,49.2347662113,-123.120803418,49.281996201999995,user_272,1900-01-01 08:30:00
-123.099847466,49.2767663437,-123.120406933,49.287520281999996,user_273,1900-01-01 07:50:00
-123.118374355,49.2848939841,-123.09993285899999,49.2749235159,user_274,1900-01-01 08:00:00
-123.120803418,49.281996201999995,-123.100657499,49.2701171877,user_275,1900-01-01 07:35:00
-123.065753555,49.269568195299996,-123.101632015,49.2256631115,user_276,1900-01-01 09:50:00
-123.12619856200001,49.277150470100004,-123.123615666,49.2775630379,user_277,1900-01-01 09:25:00
-123.08370093399999,49.2538475995,-123.13122604,49.2901445271,user_278,1900-01-01 08:45:00
-123.07744527,49.26518502890001,-123.069850885,49.257750086,user_279,1900-01-01 09:05:00
-123.130384076,49.2756782312,-123.120406933,49.287520281999996,user_280,1900-01-01 09:45:00
-123.07615219700001,49.2484807388,-123.07744527,49.26518502890001,user_281,1900-01-01 08:40:00
-123.099847466,49.2767663437,-123.12619856200001,49.277150470100004,user_282,1900-01-01 09:15:00
-123.115187022,49.280596449499996,-123.07744527,49.26518502890001,user_283,1900-01-01 08:15:00
-123.123382958,49.2815805258,-123.06589199999999,49.220281,user_284,1900-01-01 08:05:00
-123.110750647,49.2259042666,-123.099847466,49.2767663437,user_285,1900-01-01 07:15:00
-123.18533904700001,49.2347662113,-123.141019668,49.263637379399995,user_286,1900-01-01 07:55:00
-123.115420183,49.282982340699995,-123.116887845,49.2794630128,user_287,1900-01-01 08:20:00
-123.123615666,49.2775630379,-123.1065726,49.2692739898,user_288,1900-01-01 08:30:00
-123.121790625,49.282634398999996,-123.11634291899999,49.2298159007,user_289,1900-01-01 08:55:00
-123.07744527,49.26518502890001,-123.10002805100001,49.272776245799996,user_290,1900-01-01 09:35:00
-123.099514003,49.262859212799995,-123.089118945,49.2624736634,user_291,1900-01-01 08:00:00
-123.11582735299999,49.2865771241,-123.120406933,49.287520281999996,user_292,1900-01-01 07:25:00
-123.08666271700001,49.2662191558,-123.08370093399999,49.2538475995,user_293,1900-01-01 07:50:00
-123.11582735299999,49.2865771241,-123.1065726,49.2692739898,user_294,1900-01-01 07:15:00
-123.140519905,49.2086241686,-123.099847466,49.2767663437,user_295,1900-01-01 08:50:00
-123.089731102,49.2765786555,-123.099847466,49.2767663437,user_296,1900-01-01 07:35:00
-123.099847466,49.2767663437,-123.104344,49.281501,user_297,1900-01-01 08:50:00
-123.07609869299999,49.2501130929,-123.115576462,49.2765265229,user_298,1900-01-01 08:00:00
-123.16826699999999,49.263222,-123.128783723,49.276737374300005,user_299,1900-01-01 07:55:00
-123.123382958,49.2815805258,-123.141019668,49.263637379399995,user_300,1900-01-01 07:15:00
-123.104344,49.281501,-123.099847466,49.2767663437,user_301,1900-01-01 09:50:00
-123.123266413,49.275251612,-123.091683441,49.2766128247,user_302,1900-01-01 07:00:00
-123.058719415,49.2397773113,-123.140519905,49.2086241686,user_303,1900-01-01 08:20:00
-123.089731102,49.2765786555,-123.08370093399999,49.2538475995,user_304,1900-01-01 08:25:00
-123.10845519700001,49.2812383835,-123.101632015,49.2256631115,user_305,1900-01-01 09:00:00
-123.126624985,49.2624401125,-123.11843675,49.241083886400006,user_306,1900-01-01 08:40:00
-123.07609869299999,49.2501130929,-123.123615666,49.2775630379,user_307,1900-01-01 08:40:00
-123.1065726,49.2692739898,-123.09034654700001,49.2403060841,user_308,1900-01-01 09:05:00
-123.09993285899999,49.2749235159,-123.122005399,49.286463337,user_309,1900-01-01 07:35:00
-123.076404974,49.240209147399995,-123.101921386,49.2749544675,user_310,1900-01-01 07:50:00
-123.07609869299999,49.2501130929,-123.076404974,49.240209147399995,user_311,1900-01-01 07:05:00
-123.069673458,49.2668846906,-123.09077388799999,49.225471775600006,user_312,1900-01-01 08:20:00
-123.091683441,49.2766128247,-123.128783723,49.276737374300005,user_313,1900-01-01 07:25:00
-123.09695776299999,49.2776183728,-123.087444901,49.2706708206,user_314,1900-01-01 07:05:00
-123.07615219700001,49.2484807388,-123.08666271700001,49.2662191558,user_315,1900-01-01 08:05:00
-123.147802739,49.2724627556,-123.07609869299999,49.2501130929,user_316,1900-01-01 07:15:00
-123.065753555,49.269568195299996,-123.077052906,49.2830681576,user_317,1900-01-01 08:10:00
-123.115576462,49.2765265229,-123.099514003,49.262859212799995,user_318,1900-01-01 09:20:00
-123.110750647,49.2259042666,-123.11843675,49.241083886400006,user_319,1900-01-01 08:35:00
-123.11634291899999,49.2298159007,-123.100657499,49.2701171877,user_320,1900-01-01 09:35:00
-123.112899724,49.263181979799995,-123.128315696,49.2265526221,user_321,1900-01-01 07:30:00
-123.120082757,49.2837644604,-123.170258318,49.2347410725,user_322,1900-01-01 07:30:00
-123.13119697799999,49.280384005500004,-123.10002805100001,49.272776245799996,user_323,1900-01-01 08:35:00
-123.098200891,49.2677637474,-123.065753555,49.269568195299996,user_324,1900-01-01 09:15:00
-123.099847466,49.2767663437,-123.10002805100001,49.272776245799996,user_325,1900-01-01 08:10:00
-123.100997658,49.2620105139,-123.054750496,49.2248164751,user_326,1900-01-01 07:10:00
-123.09993285899999,49.2749235159,-123.21502423,49.26910378310001,user_327,1900-01-01 09:25:00
-123.115187022,49.280596449499996,-123.077052906,49.2830681576,user_328,1900-01-01 08:30:00
-123.116887845,49.2794630128,-123.084951895,49.2773986709,user_329,1900-01-01 09:05:00
-123.089118945,49.2624736634,-123.115420183,49.282982340699995,user_330,1900-01-01 07:30:00
-123.128315696,49.2265526221,-123.109418687,49.2692955087,user_331,1900-01-01 09:50:00
-123.089731102,49.2765786555,-123.115187022,49.280596449499996,user_332,1900-01-01 07:10:00
-123.128315696,49.2265526221,-123.033980561,49.244557573,user_333,1900-01-01 07:05:00
-123.06983329299999,49.258655168000004,-123.099847466,49.2767663437,user_334,1900-01-01 07:20:00
-123.119280655,49.274517794,-123.076404974,49.240209147399995,user_335,1900-01-01 08:25:00
-123.109418687,49.2692955087,-123.10997160299999,49.281509881999995,user_336,1900-01-01 08:15:00
-123.09077388799999,49.225471775600006,-123.099514003,49.262859212799995,user_337,1900-01-01 09:15:00
-123.109418687,49.2692955087,-123.09993285899999,49.2749235159,user_338,1900-01-01 07:00:00
-123.07744527,49.26518502890001,-123.09077388799999,49.225471775600006,user_339,1900-01-01 09:20:00
-123.123615666,49.2775630379,-123.115576462,49.2765265229,user_340,1900-01-01 07:35:00
-123.08666271700001,49.2662191558,-123.10002805100001,49.272776245799996,user_341,1900-01-01 09:15:00
-123.058719415,49.2397773113,-123.06589199999999,49.220281,user_342,1900-01-01 09:50:00
-123.065356616,49.239225613,-123.109418687,49.2692955087,user_343,1900-01-01 09:45:00
-123.116809099,49.2859282137,-123.120082757,49.2837644604,user_344,1900-01-01 07:00:00
-123.107619,49.278599,-123.10465900000001,49.269245,user_345,1900-01-01 08:45:00
-123.087444901,49.2706708206,-123.06589199999999,49.220281,user_346,1900-01-01 08:35:00
-123.147802739,49.2724627556,-123.140519905,49.2086241686,user_347,1900-01-01 08:25:00
-123.08666271700001,49.2662191558,-123.100997658,49.2620105139,user_348,1900-01-01 08:55:00
-123.139843258,49.2269657796,-123.11750297200001,49.2632604788,user_349,1900-01-01 08:20:00
-123.10002805100001,49.272776245799996,-123.121790625,49.282634398999996,user_350,1900-01-01 07:35:00
-123.12280895,49.283295636000005,-123.123752595,49.2853080821,user_351,1900-01-01 07:50:00
-123.07609869299999,49.2501130929,-123.13122604,49.2901445271,user_352,1900-01-01 09:30:00
-123.11750297200001,49.2632604788,-123.100657499,49.2701171877,user_353,1900-01-01 07:30:00
-123.09538159799999,49.2812570658,-123.099847466,49.2767663437,user_354,1900-01-01 07:05:00
-123.141019668,49.263637379399995,-123.128315696,49.2265526221,user_355,1900-01-01 07:55:00
-123.123382958,49.2815805258,-123.12419047600001,49.2633680021,user_356,1900-01-01 07:25:00
-123.069850885,49.257750086,-123.069673458,49.2668846906,user_357,1900-01-01 07:55:00
-123.07609869299999,49.2501130929,-123.139843258,49.2269657796,user_358,1900-01-01 07:45:00
-123.109418687,49.2692955087,-123.099847466,49.2767663437,user_359,1900-01-01 08:50:00
-123.099847466,49.2767663437,-123.168281715,49.269261076599996,user_360,1900-01-01 08:45:00
-123.118374355,49.2848939841,-123.058719415,49.2397773113,user_361,1900-01-01 07:35:00
-123.07615219700001,49.2484807388,-123.134931871,49.2828014946,user_362,1900-01-01 09:50:00
-123.107619,49.278599,-123.116809099,49.2859282137,user_363,1900-01-01 07:20:00
-123.120082757,49.2837644604,-123.099847466,49.2767663437,user_364,1900-01-01 07:45:00
-123.10002805100001,49.272776245799996,-123.14112527700001,49.2608114862,user_365,1900-01-01 08:50:00
-123.07615219700001,49.2484807388,-123.087357988,49.276536586499994,user_366,1900-01-01 08:55:00
-123.110750647,49.2259042666,-123.054750496,49.2248164751,user_367,1900-01-01 08:40:00
-123.120082757,49.2837644604,-123.058719415,49.2397773113,user_368,1900-01-01 08:30:00
-123.11634291899999,49.2298159007,-123.12975513200001,49.2773655008,user_369,1900-01-01 08:25:00
-123.099514003,49.262859212799995,-123.140519905,49.2086241686,user_370,1900-01-01 09:20:00
-123.1065726,49.2692739898,-123.139843258,49.2269657796,user_371,1900-01-01 09:50:00
-123.087444901,49.2706708206,-123.089118945,49.2624736634,user_372,1900-01-01 07:55:00
-123.07615219700001,49.2484807388,-123.16785,49.248146999999996,user_373,1900-01-01 07:15:00
-123.16785,49.248146999999996,-123.087444901,49.2706708206,user_374,1900-01-01 07:35:00
-123.11597598600001,49.2748617251,-123.115059975,49.2109621289,user_375,1900-01-01 07:45:00
-123.077052906,49.2830681576,-123.08666271700001,49.2662191558,user_376,1900-01-01 07:05:00
-123.091683441,49.2766128247,-123.138491261,49.2653469543,user_377,1900-01-01 09:35:00
-123.115059975,49.2109621289,-123.123382958,49.2815805258,user_378,1900-01-01 09:30:00
-123.07744527,49.26518502890001,-123.115576462,49.2765265229,user_379,1900-01-01 09:05:00
-123.099847466,49.2767663437,-123.07615219700001,49.2484807388,user_380,1900-01-01 08:25:00
-123.08666271700001,49.2662191558,-123.170258318,49.2347410725,user_381,1900-01-01 07:45:00
-123.124606431,49.2782041759,-123.076404974,49.240209147399995,user_382,1900-01-01 07:00:00
-123.089118945,49.2624736634,-123.09034654700001,49.2403060841,user_383,1900-01-01 09:55:00
-123.16826699999999,49.263222,-123.087357988,49.276536586499994,user_384,1900-01-01 09:45:00
-123.128783723,49.276737374300005,-123.09993285899999,49.2749235159,user_385,1900-01-01 07:20:00
-123.100997658,49.2620105139,-123.11843675,49.241083886400006,user_386,1900-01-01 07:30:00
-123.054750496,49.2248164751,-123.13122604,49.2901445271,user_387,1900-01-01 07:20:00
-123.076404974,49.240209147399995,-123.115059975,49.2109621289,user_388,1900-01-01 07:30:00
-123.089118945,49.2624736634,-123.128315696,49.2265526221,user_389,1900-01-01 08:35:00
-123.138557673,49.263597882700005,-123.115187022,49.280596449499996,user_390,1900-01-01 09:05:00
-123.120803418,49.281996201999995,-123.110750647,49.2259042666,user_391,1900-01-01 07:15:00
-123.08666271700001,49.2662191558,-123.123752595,49.2853080821,user_392,1900-01-01 07:30:00
-123.065356616,49.239225613,-123.089502141,49.271017863000004,user_393,1900-01-01 07:00:00
-123.09695776299999,49.2776183728,-123.120082757,49.2837644604,user_394,1900-01-01 09:30:00
-123.12619856200001,49.277150470100004,-123.123382958,49.2815805258,user_395,1900-01-01 09:25:00
-123.099847466,49.2767663437,-123.058719415,49.2397773113,user_396,1900-01-01 07:00:00
-123.096325371,49.2666314992,-123.123382958,49.2815805258,user_397,1900-01-01 08:05:00
-123.13122604,49.2901445271,-123.177687265,49.2684961117,user_398,1900-01-01 07:50:00
-123.126624985,49.2624401125,-123.11634291899999,49.2298159007,user_399,1900-01-01 09:50:00
-123.07609869299999,49.2501130929,-123.06589199999999,49.220281,user_400,1900-01-01 09:35:00
-123.07609869299999,49.2501130929,-123.10002805100001,49.272776245799996,user_401,1900-01-01 07:25:00
-123.07609869299999,49.2501130929,-123.033980561,49.244557573,user_402,1900-01-01 07:30:00
-123.185185908,49.250060737,-123.120406933,49.287520281999996,user_403,1900-01-01 08:00:00
-123.096325371,49.2666314992,-123.107619,49.278599,user_404,1900-01-01 09:10:00
-123.126624985,49.2624401125,-123.099847466,49.2767663437,user_405,1900-01-01 09:50:00
-123.121790625,49.282634398999996,-123.099514003,49.262859212799995,user_406,1900-01-01 08:15:00
-123.107619,49.278599,-123.128315696,49.2265526221,user_407,1900-01-01 09:45:00
-123.10465900000001,49.269245,-123.054750496,49.2248164751,user_408,1900-01-01 08:00:00
-123.16826699999999,49.263222,-123.115059975,49.2109621289,user_409,1900-01-01 09:05:00
-123.121790625,49.282634398999996,-123.089118945,49.2624736634,user_410,1900-01-01 09:30:00
-123.054750496,49.2248164751,-123.10002805100001,49.272776245799996,user_411,1900-01-01 08:40:00
-123.115059975,49.2109621289,-123.116887845,49.2794630128,user_412,1900-01-01 07:10:00
-123.16826699999999,49.263222,-123.101921386,49.2749544675,user_413,1900-01-01 08:50:00
-123.11848761200001,49.2784121584,-123.104439429,49.279245665699996,user_414,1900-01-01 08:45:00
-123.099847466,49.2767663437,-123.11634291899999,49.2298159007,user_415,1900-01-01 07:15:00
-123.126693961,49.260580178299996,-123.065753555,49.269568195299996,user_416,1900-01-01 09:40:00
-123.120406933,49.287520281999996,-123.115420183,49.282982340699995,user_417,1900-01-01 08:05:00
-123.11843675,49.241083886400006,-123.119828255,49.2813645595,user_418,1900-01-01 09:05:00
-123.11750297200001,49.2632604788,-123.168281715,49.269261076599996,user_419,1900-01-01 08:25:00
-123.112899724,49.263181979799995,-123.084951895,49.2773986709,user_420,1900-01-01 07:35:00
-123.18533904700001,49.2347662113,-123.138557673,49.263597882700005,user_421,1900-01-01 08:40:00
-123.11750297200001,49.2632604788,-123.069673458,49.2668846906,user_422,1900-01-01 08:10:00
-123.10465900000001,49.269245,-123.15529746,49.2638665649,user_423,1900-01-01 09:00:00
-123.09077388799999,49.225471775600006,-123.101632015,49.2256631115,user_424,1900-01-01 07:10:00
-123.06969240299999,49.265979465200004,-123.101921386,49.2749544675,user_425,1900-01-01 08:30:00
-123.177687265,49.2684961117,-123.124910049,49.289431589799996,user_426,1900-01-01 07:35:00
-123.12301383399999,49.2792581479,-123.09077388799999,49.225471775600006,user_427,1900-01-01 07:30:00
-123.120082757,49.2837644604,-123.06983329299999,49.258655168000004,user_428,1900-01-01 08:25:00
-123.16826699999999,49.263222,-123.099847466,49.2767663437,user_429,1900-01-01 08:30:00
-123.126693961,49.260580178299996,-123.089118945,49.2624736634,user_430,1900-01-01 09:55:00
-123.140519905,49.2086241686,-123.128315696,49.2265526221,user_431,1900-01-01 09:15:00
-123.10465900000001,49.269245,-123.1065726,49.2692739898,user_432,1900-01-01 08:40:00
-123.065753555,49.269568195299996,-123.12419047600001,49.2633680021,user_433,1900-01-01 09:20:00
-123.121790625,49.282634398999996,-123.1065726,49.2692739898,user_434,1900-01-01 08:00:00
-123.121790625,49.282634398999996,-123.1065726,49.2692739898,user_435,1900-01-01 09:00:00
-123.140519905,49.2086241686,-123.07615219700001,49.2484807388,user_436,1900-01-01 07:00:00
-123.138557673,49.263597882700005,-123.07615219700001,49.2484807388,user_437,1900-01-01 09:30:00
-123.099847466,49.2767663437,-123.089118945,49.2624736634,user_438,1900-01-01 08:20:00
-123.128315696,49.2265526221,-123.07615219700001,49.2484807388,user_439,1900-01-01 07:30:00
-123.168174255,49.2640703614,-123.089731102,49.2765786555,user_440,1900-01-01 07:00:00
-123.101632015,49.2256631115,-123.10002805100001,49.272776245799996,user_441,1900-01-01 08:15:00
-123.120803418,49.281996201999995,-123.11751723100001,49.277783468500004,user_442,1900-01-01 07:20:00
-123.065753555,49.269568195299996,-123.120803418,49.281996201999995,user_443,1900-01-01 08:10:00
-123.076404974,49.240209147399995,-123.115187022,49.280596449499996,user_444,1900-01-01 07:10:00
-123.147802739,49.2724627556,-123.11582735299999,49.2865771241,user_445,1900-01-01 08:45:00
-123.18533904700001,49.2347662113,-123.07609869299999,49.2501130929,user_446,1900-01-01 07:10:00
-123.140519905,49.2086241686,-123.09034654700001,49.2403060841,user_447,1900-01-01 07:35:00
-123.099847466,49.2767663437,-123.15529746,49.2638665649,user_448,1900-01-01 07:10:00
-123.12619856200001,49.277150470100004,-123.12301383399999,49.2792581479,user_449,1900-01-01 09:25:00
-123.09993285899999,49.2749235159,-123.07615219700001,49.2484807388,user_450,1900-01-01 07:55:00
-123.115187022,49.280596449499996,-123.128315696,49.2265526221,user_451,1900-01-01 08:40:00
-123.118374355,49.2848939841,-123.121790625,49.282634398999996,user_452,1900-01-01 07:00:00
-123.077052906,49.2830681576,-123.128315696,49.2265526221,user_453,1900-01-01 08:45:00
-123.089502141,49.271017863000004,-123.107619,49.278599,user_454,1900-01-01 07:40:00
-123.099847466,49.2767663437,-123.065356616,49.239225613,user_455,1900-01-01 08:25:00
-123.119828255,49.2813645595,-123.11582735299999,49.2865771241,user_456,1900-01-01 09:40:00
-123.076404974,49.240209147399995,-123.09077388799999,49.225471775600006,user_457,1900-01-01 07:50:00
-123.139843258,49.2269657796,-123.099514003,49.262859212799995,user_458,1900-01-01 08:25:00
-123.06589199999999,49.220281,-123.15529746,49.2638665649,user_459,1900-01-01 08:25:00
-123.126693961,49.260580178299996,-123.07609869299999,49.2501130929,user_460,1900-01-01 09:55:00
-123.125206834,49.2765088429,-123.123382958,49.2815805258,user_461,1900-01-01 07:20:00
-123.08666271700001,49.2662191558,-123.07615219700001,49.2484807388,user_462,1900-01-01 08:30:00
-123.138491261,49.2653469543,-123.113478191,49.2817260008,user_463,1900-01-01 08:25:00
-123.140519905,49.2086241686,-123.06983329299999,49.258655168000004,user_464,1900-01-01 07:00:00
-123.033980561,49.244557573,-123.069655369,49.267792425,user_465,1900-01-01 08:35:00
-123.140519905,49.2086241686,-123.21502423,49.26910378310001,user_466,1900-01-01 08:05:00
-123.170258318,49.2347410725,-123.09077388799999,49.225471775600006,user_467,1900-01-01 08:40:00
-123.15529746,49.2638665649,-123.126624985,49.2624401125,user_468,1900-01-01 09:00:00
-123.11843675,49.241083886400006,-123.123615666,49.2775630379,user_469,1900-01-01 09:10:00
-123.107619,49.278599,-123.09077388799999,49.225471775600006,user_470,1900-01-01 07:30:00
-123.126693961,49.260580178299996,-123.11848761200001,49.2784121584,user_471,1900-01-01 07:50:00
-123.122005399,49.286463337,-123.08666271700001,49.2662191558,user_472,1900-01-01 07:10:00
-123.099847466,49.2767663437,-123.113478191,49.2817260008,user_473,1900-01-01 07:35:00
-123.119828255,49.2813645595,-123.06589199999999,49.220281,user_474,1900-01-01 08:00:00
-123.08666271700001,49.2662191558,-123.11848761200001,49.2784121584,user_475,1900-01-01 09:30:00
-123.115576462,49.2765265229,-123.141019668,49.263637379399995,user_476,1900-01-01 07:30:00
-123.18533904700001,49.2347662113,-123.109418687,49.2692955087,user_477,1900-01-01 08:40:00
-123.138557673,49.263597882700005,-123.115059975,49.2109621289,user_478,1900-01-01 08:10:00
-123.120406933,49.287520281999996,-123.089118945,49.2624736634,user_479,1900-01-01 08:05:00
-123.100997658,49.2620105139,-123.140519905,49.2086241686,user_480,1900-01-01 08:05:00
-123.106787995,49.282930139099996,-123.101632015,49.2256631115,user_481,1900-01-01 08:45:00
-123.11047467899999,49.2778791449,-123.08370093399999,49.2538475995,user_482,1900-01-01 07:05:00
-123.128315696,49.2265526221,-123.120406933,49.287520281999996,user_483,1900-01-01 08:30:00
-123.065753555,49.269568195299996,-123.119280655,49.274517794,user_484,1900-01-01 07:50:00
-123.08666271700001,49.2662191558,-123.120406933,49.287520281999996,user_485,1900-01-01 08:25:00
-123.139843258,49.2269657796,-123.06969240299999,49.265979465200004,user_486,1900-01-01 08:55:00
-123.065356616,49.239225613,-123.12419047600001,49.2633680021,user_487,1900-01-01 09:30:00
-123.104439429,49.279245665699996,-123.141019668,49.263637379399995,user_488,1900-01-01 07:05:00
-123.128783723,49.276737374300005,-123.11848761200001,49.2784121584,user_489,1900-01-01 07:10:00
-123.087444901,49.2706708206,-123.10997160299999,49.281509881999995,user_490,1900-01-01 08:35:00
-123.06589199999999,49.220281,-123.12619856200001,49.277150470100004,user_491,1900-01-01 07:20:00
-123.115187022,49.280596449499996,-123.125206834,49.2765088429,user_492,1900-01-01 08:25:00
-123.098200891,49.2677637474,-123.128315696,49.2265526221,user_493,1900-01-01 09:25:00
-123.096325371,49.2666314992,-123.138557673,49.263597882700005,user_494,1900-01-01 07:20:00
-123.065356616,49.239225613,-123.16826699999999,49.263222,user_495,1900-01-01 08:30:00
-123.185185908,49.250060737,-123.06589199999999,49.220281,user_496,1900-01-01 08:15:00
-123.139843258,49.2269657796,-123.1065726,49.2692739898,user_497,1900-01-01 09:40:00
-123.120406933,49.287520281999996,-123.104344,49.281501,user_498,1900-01-01 08:50:00
-123.115059975,49.2109621289,-123.033980561,49.244557573,user_499,1900-01-01 08:15:00
-123.115420183,49.282982340699995,-123.099514003,49.262859212799995,user_500,1900-01-01 07:15:00
-123.07744527,49.26518502890001,-123.07609869299999,49.2501130929,user_501,1900-01-01 09:30:00
-123.099847466,49.2767663437,-123.138491261,49.2653469543,user_502,1900-01-01 07:10:00
-123.07609869299999,49.2501130929,-123.087444901,49.2706708206,user_503,1900-01-01 07:00:00
-123.12619856200001,49.277150470100004,-123.104344,49.281501,user_504,1900-01-01 09:25:00
-123.168281715,49.269261076599996,-123.087444901,49.2706708206,user_505,1900-01-01 07:20:00
-123.11750297200001,49.2632604788,-123.1065726,49.2692739898,user_506,1900-01-01 08:05:00
-123.07609869299999,49.2501130929,-123.07744527,49.26518502890001,user_507,1900-01-01 07:50:00
-123.13122604,49.2901445271,-123.076404974,49.240209147399995,user_508,1900-01-01 08:45:00
-123.09077388799999,49.225471775600006,-123.099514003,49.262859212799995,user_509,1900-01-01 07:55:00
-123.138557673,49.263597882700005,-123.099514003,49.262859212799995,user_510,1900-01-01 08:10:00
-123.09981243200001,49.277670830699996,-123.11582735299999,49.2865771241,user_511,1900-01-01 08:30:00
-123.128315696,49.2265526221,-123.06983329299999,49.258655168000004,user_512,1900-01-01 07:05:00
-123.07609869299999,49.2501130929,-123.139843258,49.2269657796,user_513,1900-01-01 08:45:00
-123.115420183,49.282982340699995,-123.110750647,49.2259042666,user_514,1900-01-01 07:15:00
-123.089118945,49.2624736634,-123.101632015,49.2256631115,user_515,1900-01-01 09:20:00
-123.138491261,49.2653469543,-123.054750496,49.2248164751,user_516,1900-01-01 08:55:00
-123.123382958,49.2815805258,-123.107619,49.278599,user_517,1900-01-01 09:25:00
-123.054750496,49.2248164751,-123.1065726,49.2692739898,user_518,1900-01-01 07:50:00
-123.128315696,49.2265526221,-123.14112527700001,49.2608114862,user_519,1900-01-01 09:40:00
-123.124606431,49.2782041759,-123.100997658,49.2620105139,user_520,1900-01-01 08:45:00
-123.100997658,49.2620105139,-123.089118945,49.2624736634,user_521,1900-01-01 07:05:00
-123.058719415,49.2397773113,-123.12619856200001,49.277150470100004,user_522,1900-01-01 08:35:00
-123.087444901,49.2706708206,-123.110750647,49.2259042666,user_523,1900-01-01 09:05:00
-123.11751723100001,49.277783468500004,-123.033980561,49.244557573,user_524,1900-01-01 09:45:00
-123.09981243200001,49.277670830699996,-123.123266413,49.275251612,user_525,1900-01-01 07:20:00
-123.10465900000001,49.269245,-123.120803418,49.281996201999995,user_526,1900-01-01 08:55:00
-123.120082757,49.2837644604,-123.134422485,49.2810795745,user_527,1900-01-01 09:00:00
-123.138491261,49.2653469543,-123.147802739,49.2724627556,user_528,1900-01-01 08:50:00
-123.1065726,49.2692739898,-123.07744527,49.26518502890001,user_529,1900-01-01 08:25:00
-123.089118945,49.2624736634,-123.091683441,49.2766128247,user_530,1900-01-01 09:45:00
-123.121790625,49.282634398999996,-123.033980561,49.244557573,user_531,1900-01-01 07:20:00
-123.140519905,49.2086241686,-123.139843258,49.2269657796,user_532,1900-01-01 09:25:00
-123.125206834,49.2765088429,-123.121421539,49.280311269799995,user_533,1900-01-01 09:50:00
-123.11750297200001,49.2632604788,-123.15529746,49.2638665649,user_534,1900-01-01 07:15:00
-123.115059975,49.2109621289,-123.08666271700001,49.2662191558,user_535,1900-01-01 09:00:00
-123.11843675,49.241083886400006,-123.121421539,49.280311269799995,user_536,1900-01-01 08:50:00
-123.139843258,49.2269657796,-123.126693961,49.260580178299996,user_537,1900-01-01 08:30:00
-123.1065726,49.2692739898,-123.08666271700001,49.2662191558,user_538,1900-01-01 07:40:00
-123.11582735299999,49.2865771241,-123.138557673,49.263597882700005,user_539,1900-01-01 08:45:00
-123.08370093399999,49.2538475995,-123.09077388799999,49.225471775600006,user_540,1900-01-01 08:15:00
-123.16785,49.248146999999996,-123.06589199999999,49.220281,user_541,1900-01-01 09:35:00
-123.099847466,49.2767663437,-123.123382958,49.2815805258,user_542,1900-01-01 09:55:00
-123.126693961,49.260580178299996,-123.113478191,49.2817260008,user_543,1900-01-01 07:20:00
-123.138491261,49.2653469543,-123.123615666,49.2775630379,user_544,1900-01-01 09:00:00
-123.099514003,49.262859212799995,-123.109418687,49.2692955087,user_545,1900-01-01 07:05:00
-123.115059975,49.2109621289,-123.087357988,49.276536586499994,user_546,1900-01-01 08:05:00
-123.104344,49.281501,-123.089731102,49.2765786555,user_547,1900-01-01 08:15:00
-123.07609869299999,49.2501130929,-123.07744527,49.26518502890001,user_548,1900-01-01 07:00:00
-123.07609869299999,49.2501130929,-123.112899724,49.263181979799995,user_549,1900-01-01 09:10:00
-123.118374355,49.2848939841,-123.09993285899999,49.2749235159,user_550,1900-01-01 08:05:00
-123.185185908,49.250060737,-123.054750496,49.2248164751,user_551,1900-01-01 07:05:00
-123.11843675,49.241083886400006,-123.115420183,49.282982340699995,user_552,1900-01-01 07:50:00
-123.177687265,49.2684961117,-123.110750647,49.2259042666,user_553,1900-01-01 09:10:00
-123.101632015,49.2256631115,-123.138557673,49.263597882700005,user_554,1900-01-01 07:50:00
-123.115576462,49.2765265229,-123.12419047600001,49.2633680021,user_555,1900-01-01 09:40:00
-123.07609869299999,49.2501130929,-123.12280895,49.283295636000005,user_556,1900-01-01 08:25:00
-123.119280655,49.274517794,-123.107619,49.278599,user_557,1900-01-01 08:25:00
-123.128783723,49.276737374300005,-123.07609869299999,49.2501130929,user_558,1900-01-01 09:15:00
-123.11634291899999,49.2298159007,-123.10465900000001,49.269245,user_559,1900-01-01 09:25:00
-123.08666271700001,49.2662191558,-123.087444901,49.2706708206,user_560,1900-01-01 07:10:00
-123.11582735299999,49.2865771241,-123.114857247,49.285949869700005,user_561,1900-01-01 08:00:00
-123.1065726,49.2692739898,-123.099847466,49.2767663437,user_562,1900-01-01 08:00:00
-123.119280655,49.274517794,-123.114857247,49.285949869700005,user_563,1900-01-01 08:55:00
-123.10997160299999,49.281509881999995,-123.114857247,49.285949869700005,user_564,1900-01-01 07:30:00
-123.08370093399999,49.2538475995,-123.08666271700001,49.2662191558,user_565,1900-01-01 08:20:00
-123.06983329299999,49.258655168000004,-123.115059975,49.2109621289,user_566,1900-01-01 09:55:00
-123.168174255,49.2640703614,-123.100657499,49.2701171877,user_567,1900-01-01 08:15:00
-123.109418687,49.2692955087,-123.170258318,49.2347410725,user_568,1900-01-01 07:20:00
-123.099847466,49.2767663437,-123.07744527,49.26518502890001,user_569,1900-01-01 09:00:00
-123.126693961,49.260580178299996,-123.07609869299999,49.2501130929,user_570,1900-01-01 09:05:00
-123.128315696,49.2265526221,-123.138557673,49.263597882700005,user_571,1900-01-01 08:20:00
-123.177687265,49.2684961117,-123.11634291899999,49.2298159007,user_572,1900-01-01 07:00:00
-123.138557673,49.263597882700005,-123.107619,49.278599,user_573,1900-01-01 07:15:00
-123.113478191,49.2817260008,-123.069850885,49.257750086,user_574,1900-01-01 07:50:00
-123.141019668,49.263637379399995,-123.089731102,49.2765786555,user_575,1900-01-01 08:10:00
-123.126624985,49.2624401125,-123.033980561,49.244557573,user_576,1900-01-01 09:10:00
-123.110750647,49.2259042666,-123.121421539,49.280311269799995,user_577,1900-01-01 09:20:00
-123.115187022,49.280596449499996,-123.141019668,49.263637379399995,user_578,1900-01-01 07:15:00
-123.054750496,49.2248164751,-123.065753555,49.269568195299996,user_579,1900-01-01 08:55:00
-123.08370093399999,49.2538475995,-123.11843675,49.241083886400006,user_580,1900-01-01 09:55:00
-123.138557673,49.263597882700005,-123.096325371,49.2666314992,user_581,1900-01-01 08:30:00
-123.13119697799999,49.280384005500004,-123.126693961,49.260580178299996,user_582,1900-01-01 09:50:00
-123.107619,49.278599,-123.141019668,49.263637379399995,user_583,1900-01-01 07:15:00
-123.07609869299999,49.2501130929,-123.06983329299999,49.258655168000004,user_584,1900-01-01 08:05:00
-123.12301383399999,49.2792581479,-123.13122604,49.2901445271,user_585,1900-01-01 09:50:00
-123.100657499,49.2701171877,-123.100657499,49.2701171877,user_586,1900-01-01 07:35:00
-123.054750496,49.2248164751,-123.099847466,49.2767663437,user_587,1900-01-01 09:45:00
-123.121790625,49.282634398999996,-123.185185908,49.250060737,user_588,1900-01-01 09:25:00
-123.06970926,49.265075698100006,-123.100997658,49.2620105139,user_589,1900-01-01 09:25:00
-123.113478191,49.2817260008,-123.069850885,49.257750086,user_590,1900-01-01 07:45:00
-123.141019668,49.263637379399995,-123.109418687,49.2692955087,user_591,1900-01-01 08:05:00
-123.100657499,49.2701171877,-123.139843258,49.2269657796,user_592,1900-01-01 08:00:00
-123.09981243200001,49.277670830699996,-123.089731102,49.2765786555,user_593,1900-01-01 09:05:00
-123.06960560899999,49.2705090582,-123.110750647,49.2259042666,user_594,1900-01-01 07:20:00
-123.099847466,49.2767663437,-123.140519905,49.2086241686,user_595,1900-01-01 09:05:00
-123.100997658,49.2620105139,-123.134422485,49.2810795745,user_596,1900-01-01 09:15:00
-123.09981243200001,49.277670830699996,-123.13543423899999,49.291476506,user_597,1900-01-01 09:05:00
-123.13119697799999,49.280384005500004,-123.09993285899999,49.2749235159,user_598,1900-01-01 07:45:00
-123.112827576,49.2648206349,-123.089502141,49.271017863000004,user_599,1900-01-01 08:35:00
-123.101921386,49.2749544675,-123.115187022,49.280596449499996,user_600,1900-01-01 07:05:00
-123.1065726,49.2692739898,-123.110750647,49.2259042666,user_601,1900-01-01 07:55:00
-123.10002805100001,49.272776245799996,-123.099514003,49.262859212799995,user_602,1900-01-01 07:20:00
-123.07615219700001,49.2484807388,-123.087444901,49.2706708206,user_603,1900-01-01 08:30:00
-123.069673458,49.2668846906,-123.08666271700001,49.2662191558,user_604,1900-01-01 07:40:00
-123.12301383399999,49.2792581479,-123.087444901,49.2706708206,user_605,1900-01-01 07:25:00
-123.113478191,49.2817260008,-123.099847466,49.2767663437,user_606,1900-01-01 09:40:00
-123.120803418,49.281996201999995,-123.107619,49.278599,user_607,1900-01-01 08:45:00
-123.065753555,49.269568195299996,-123.07615219700001,49.2484807388,user_608,1900-01-01 07:50:00
-123.06960560899999,49.2705090582,-123.140519905,49.2086241686,user_609,1900-01-01 08:30:00
-123.09034654700001,49.2403060841,-123.119280655,49.274517794,user_610,1900-01-01 07:20:00
-123.141019668,49.263637379399995,-123.128315696,49.2265526221,user_611,1900-01-01 07:45:00
-123.087444901,49.2706708206,-123.11634291899999,49.2298159007,user_612,1900-01-01 07:45:00
-123.11848761200001,49.2784121584,-123.15529746,49.2638665649,user_613,1900-01-01 08:05:00
-123.101921386,49.2749544675,-123.089502141,49.271017863000004,user_614,1900-01-01 08:55:00
-123.119280655,49.274517794,-123.098200891,49.2677637474,user_615,1900-01-01 08:55:00
-123.07744527,49.26518502890001,-123.12619856200001,49.277150470100004,user_616,1900-01-01 07:10:00
-123.100997658,49.2620105139,-123.112899724,49.263181979799995,user_617,1900-01-01 09:25:00
-123.121790625,49.282634398999996,-123.13119697799999,49.280384005500004,user_618,1900-01-01 09:55:00
-123.14112527700001,49.2608114862,-123.09034654700001,49.2403060841,user_619,1900-01-01 08:15:00
-123.07615219700001,49.2484807388,-123.07615219700001,49.2484807388,user_620,1900-01-01 09:50:00
-123.089731102,49.2765786555,-123.110750647,49.2259042666,user_621,1900-01-01 08:20:00
-123.112827576,49.2648206349,-123.168281715,49.269261076599996,user_622,1900-01-01 08:20:00
-123.124606431,49.2782041759,-123.099514003,49.262859212799995,user_623,1900-01-01 07:20:00
-123.06589199999999,49.220281,-123.120406933,49.287520281999996,user_624,1900-01-01 08:30:00
-123.112899724,49.263181979799995,-123.126693961,49.260580178299996,user_625,1900-01-01 08:45:00
-123.099847466,49.2767663437,-123.089118945,49.2624736634,user_626,1900-01-01 08:20:00
-123.168174255,49.2640703614,-123.100657499,49.2701171877,user_627,1900-01-01 09:50:00
-123.11843675,49.241083886400006,-123.168281715,49.269261076599996,user_628,1900-01-01 07:45:00
-123.10465900000001,49.269245,-123.139843258,49.2269657796,user_629,1900-01-01 08:45:00
-123.098200891,49.2677637474,-123.08666271700001,49.2662191558,user_630,1900-01-01 08:50:00
-123.09034654700001,49.2403060841,-123.170258318,49.2347410725,user_631,1900-01-01 08:45:00
-123.14112527700001,49.2608114862,-123.109418687,49.2692955087,user_632,1900-01-01 08:30:00
-123.141019668,49.263637379399995,-123.16785,49.248146999999996,user_633,1900-01-01 07:55:00
-123.125206834,49.2765088429,-123.11047467899999,49.2778791449,user_634,1900-01-01 09:45:00
-123.120082757,49.2837644604,-123.087357988,49.276536586499994,user_635,1900-01-01 09:05:00
-123.099847466,49.2767663437,-123.115187022,49.280596449499996,user_636,1900-01-01 07:50:00
-123.089731102,49.2765786555,-123.076404974,49.240209147399995,user_637,1900-01-01 08:15:00
-123.115576462,49.2765265229,-123.12280895,49.283295636000005,user_638,1900-01-01 07:10:00
-123.09538159799999,49.2812570658,-123.09034654700001,49.2403060841,user_639,1900-01-01 07:30:00
-123.128315696,49.2265526221,-123.06589199999999,49.220281,user_640,1900-01-01 09:30:00
-123.091683441,49.2766128247,-123.109418687,49.2692955087,user_641,1900-01-01 09:55:00
-123.139843258,49.2269657796,-123.138491261,49.2653469543,user_642,1900-01-01 08:55:00
-123.08666271700001,49.2662191558,-123.10465900000001,49.269245,user_643,1900-01-01 08:15:00
-123.177687265,49.2684961117,-123.115576462,49.2765265229,user_644,1900-01-01 09:45:00
-123.077052906,49.2830681576,-123.11582735299999,49.2865771241,user_645,1900-01-01 08:50:00
-123.147802739,49.2724627556,-123.07615219700001,49.2484807388,user_646,1900-01-01 08:30:00
-123.122005399,49.286463337,-123.11047467899999,49.2778791449,user_647,1900-01-01 09:10:00
-123.138491261,49.2653469543,-123.11750297200001,49.2632604788,user_648,1900-01-01 09:30:00
-123.120082757,49.2837644604,-123.109418687,49.2692955087,user_649,1900-01-01 08:35:00
-123.101632015,49.2256631115,-123.10465900000001,49.269245,user_650,1900-01-01 09:45:00
-123.100997658,49.2620105139,-123.116809099,49.2859282137,user_651,1900-01-01 08:00:00
-123.138557673,49.263597882700005,-123.11582735299999,49.2865771241,user_652,1900-01-01 07:45:00
-123.128315696,49.2265526221,-123.06969240299999,49.265979465200004,user_653,1900-01-01 08:30:00
-123.112899724,49.263181979799995,-123.125206834,49.2765088429,user_654,1900-01-01 08:15:00
-123.10002805100001,49.272776245799996,-123.16826699999999,49.263222,user_655,1900-01-01 09:25:00
-123.065356616,49.239225613,-123.13122604,49.2901445271,user_656,1900-01-01 09:45:00
-123.120082757,49.2837644604,-123.07609869299999,49.2501130929,user_657,1900-01-01 09:50:00
-123.07615219700001,49.2484807388,-123.100997658,49.2620105139,user_658,1900-01-01 08:35:00
-123.134931871,49.2828014946,-123.185185908,49.250060737,user_659,1900-01-01 07:20:00
-123.089118945,49.2624736634,-123.100997658,49.2620105139,user_660,1900-01-01 09:20:00
-123.1065726,49.2692739898,-123.15529746,49.2638665649,user_661,1900-01-01 08:30:00
-123.107619,49.278599,-123.104344,49.281501,user_662,1900-01-01 08:15:00
-123.124910049,49.289431589799996,-123.091683441,49.2766128247,user_663,1900-01-01 08:35:00
-123.07615219700001,49.2484807388,-123.123382958,49.2815805258,user_664,1900-01-01 08:30:00
-123.126693961,49.260580178299996,-123.14112527700001,49.2608114862,user_665,1900-01-01 08:40:00
-123.21502423,49.26910378310001,-123.099847466,49.2767663437,user_666,1900-01-01 09:15:00
-123.07615219700001,49.2484807388,-123.123752595,49.2853080821,user_667,1900-01-01 09:30:00
-123.07615219700001,49.2484807388,-123.12619856200001,49.277150470100004,user_668,1900-01-01 07:45:00
-123.115420183,49.282982340699995,-123.11047467899999,49.2778791449,user_669,1900-01-01 09:25:00
-123.08370093399999,49.2538475995,-123.089118945,49.2624736634,user_670,1900-01-01 08:50:00
-123.087444901,49.2706708206,-123.121790625,49.282634398999996,user_671,1900-01-01 07:40:00
-123.118374355,49.2848939841,-123.123615666,49.2775630379,user_672,1900-01-01 09:00:00
-123.126624985,49.2624401125,-123.123752595,49.2853080821,user_673,1900-01-01 08:10:00
-123.110750647,49.2259042666,-123.087444901,49.2706708206,user_674,1900-01-01 09:00:00
-123.170258318,49.2347410725,-123.13119697799999,49.280384005500004,user_675,1900-01-01 09:55:00
-123.10002805100001,49.272776245799996,-123.126693961,49.260580178299996,user_676,1900-01-01 09:00:00
-123.118374355,49.2848939841,-123.13122604,49.2901445271,user_677,1900-01-01 08:20:00
-123.177687265,49.2684961117,-123.104439429,49.279245665699996,user_678,1900-01-01 07:25:00
-123.100997658,49.2620105139,-123.126693961,49.260580178299996,user_679,1900-01-01 08:30:00
-123.120082757,49.2837644604,-123.123382958,49.2815805258,user_680,1900-01-01 07:00:00
-123.06589199999999,49.220281,-123.124606431,49.2782041759,user_681,1900-01-01 09:45:00
-123.107619,49.278599,-123.096325371,49.2666314992,user_682,1900-01-01 09:35:00
-123.12280895,49.283295636000005,-123.096325371,49.2666314992,user_683,1900-01-01 09:10:00
-123.139843258,49.2269657796,-123.099514003,49.262859212799995,user_684,1900-01-01 09:05:00
-123.14112527700001,49.2608114862,-123.120082757,49.2837644604,user_685,1900-01-01 07:40:00
-123.099847466,49.2767663437,-123.141019668,49.263637379399995,user_686,1900-01-01 09:15:00
-123.120803418,49.281996201999995,-123.13122604,49.2901445271,user_687,1900-01-01 08:35:00
-123.11634291899999,49.2298159007,-123.09993285899999,49.2749235159,user_688,1900-01-01 09:30:00
-123.185185908,49.250060737,-123.121790625,49.282634398999996,user_689,1900-01-01 09:45:00
-123.10002805100001,49.272776245799996,-123.16785,49.248146999999996,user_690,1900-01-01 09:15:00
-123.107619,49.278599,-123.09993285899999,49.2749235159,user_691,1900-01-01 07:00:00
-123.107619,49.278599,-123.12280895,49.283295636000005,user_692,1900-01-01 07:30:00
-123.099847466,49.2767663437,-123.138557673,49.263597882700005,user_693,1900-01-01 08:05:00
-123.11582735299999,49.2865771241,-123.07744527,49.26518502890001,user_694,1900-01-01 07:55:00
-123.123615666,49.2775630379,-123.099847466,49.2767663437,user_695,1900-01-01 09:05:00
-123.09077388799999,49.225471775600006,-123.054750496,49.2248164751,user_696,1900-01-01 08:25:00
-123.109418687,49.2692955087,-123.100657499,49.2701171877,user_697,1900-01-01 08:15:00
-123.07744527,49.26518502890001,-123.12301383399999,49.2792581479,user_698,1900-01-01 08:10:00
-123.054750496,49.2248164751,-123.115576462,49.2765265229,user_699,1900-01-01 07:35:00
-123.091683441,49.2766128247,-123.089731102,49.2765786555,user_700,1900-01-01 07:50:00
-123.054750496,49.2248164751,-123.119139478,49.288358929,user_701,1900-01-01 08:05:00
-123.10465900000001,49.269245,-123.14112527700001,49.2608114862,user_702,1900-01-01 08:50:00
-123.089731102,49.2765786555,-123.099847466,49.2767663437,user_703,1900-01-01 07:30:00
-123.10002805100001,49.272776245799996,-123.065753555,49.269568195299996,user_704,1900-01-01 07:35:00
-123.170258318,49.2347410725,-123.09993285899999,49.2749235159,user_705,1900-01-01 08:55:00
-123.12280895,49.283295636000005,-123.11843675,49.241083886400006,user_706,1900-01-01 08:40:00
-123.124606431,49.2782041759,-123.12975513200001,49.2773655008,user_707,1900-01-01 07:45:00
-123.07609869299999,49.2501130929,-123.098200891,49.2677637474,user_708,1900-01-01 08:05:00
-123.123615666,49.2775630379,-123.16826699999999,49.263222,user_709,1900-01-01 08:05:00
-123.07609869299999,49.2501130929,-123.099514003,49.262859212799995,user_710,1900-01-01 08:25:00
-123.121790625,49.282634398999996,-123.099847466,49.2767663437,user_711,1900-01-01 09:45:00
-123.099514003,49.262859212799995,-123.10997160299999,49.281509881999995,user_712,1900-01-01 09:45:00
-123.07615219700001,49.2484807388,-123.11843675,49.241083886400006,user_713,1900-01-01 09:30:00
-123.16785,49.248146999999996,-123.115420183,49.282982340699995,user_714,1900-01-01 09:25:00
-123.147802739,49.2724627556,-123.09538159799999,49.2812570658,user_715,1900-01-01 08:20:00
-123.116809099,49.2859282137,-123.101632015,49.2256631115,user_716,1900-01-01 07:45:00
-123.089502141,49.271017863000004,-123.12619856200001,49.277150470100004,user_717,1900-01-01 07:20:00
-123.12619856200001,49.277150470100004,-123.128315696,49.2265526221,user_718,1900-01-01 09:40:00
-123.10002805100001,49.272776245799996,-123.09981243200001,49.277670830699996,user_719,1900-01-01 09:40:00
-123.107619,49.278599,-123.054750496,49.2248164751,user_720,1900-01-01 07:30:00
-123.096325371,49.2666314992,-123.099847466,49.2767663437,user_721,1900-01-01 07:00:00
-123.12619856200001,49.277150470100004,-123.089731102,49.2765786555,user_722,1900-01-01 09:15:00
-123.122005399,49.286463337,-123.168174255,49.2640703614,user_723,1900-01-01 07:00:00
-123.099847466,49.2767663437,-123.099847466,49.2767663437,user_724,1900-01-01 07:30:00
-123.099847466,49.2767663437,-123.141019668,49.263637379399995,user_725,1900-01-01 07:40:00
-123.07609869299999,49.2501130929,-123.069850885,49.257750086,user_726,1900-01-01 08:00:00
-123.07615219700001,49.2484807388,-123.138557673,49.263597882700005,user_727,1900-01-01 07:10:00
-123.134931871,49.2828014946,-123.06960560899999,49.2705090582,user_728,1900-01-01 08:15:00
-123.134931871,49.2828014946,-123.125206834,49.2765088429,user_729,1900-01-01 07:10:00
-123.06589199999999,49.220281,-123.07609869299999,49.2501130929,user_730,1900-01-01 08:40:00
-123.140519905,49.2086241686,-123.098200891,49.2677637474,user_731,1900-01-01 08:50:00
-123.115576462,49.2765265229,-123.07744527,49.26518502890001,user_732,1900-01-01 09:00:00
-123.130384076,49.2756782312,-123.100657499,49.2701171877,user_733,1900-01-01 07:25:00
-123.112899724,49.263181979799995,-123.168174255,49.2640703614,user_734,1900-01-01 07:45:00
-123.10002805100001,49.272776245799996,-123.121790625,49.282634398999996,user_735,1900-01-01 07:40:00
-123.126693961,49.260580178299996,-123.118374355,49.2848939841,user_736,1900-01-01 07:55:00
-123.112827576,49.2648206349,-123.10465900000001,49.269245,user_737,1900-01-01 08:35:00
-123.11843675,49.241083886400006,-123.115420183,49.282982340699995,user_738,1900-01-01 08:00:00
-123.08370093399999,49.2538475995,-123.06969240299999,49.265979465200004,user_739,1900-01-01 07:55:00
-123.128315696,49.2265526221,-123.10465900000001,49.269245,user_740,1900-01-01 09:10:00
-123.104439429,49.279245665699996,-123.147802739,49.2724627556,user_741,1900-01-01 09:30:00
-123.126693961,49.260580178299996,-123.06589199999999,49.220281,user_742,1900-01-01 08:40:00
-123.065753555,49.269568195299996,-123.089502141,49.271017863000004,user_743,1900-01-01 07:00:00
-123.120406933,49.287520281999996,-123.123382958,49.2815805258,user_744,1900-01-01 08:25:00
-123.16826699999999,49.263222,-123.076404974,49.240209147399995,user_745,1900-01-01 08:20:00
-123.107619,49.278599,-123.091683441,49.2766128247,user_746,1900-01-01 09:50:00
-123.06589199999999,49.220281,-123.112827576,49.2648206349,user_747,1900-01-01 09:15:00
-123.099514003,49.262859212799995,-123.089118945,49.2624736634,user_748,1900-01-01 08:50:00
-123.058719415,49.2397773113,-123.07609869299999,49.2501130929,user_749,1900-01-01 09:05:00
-123.116809099,49.2859282137,-123.128783723,49.276737374300005,user_750,1900-01-01 08:15:00
-123.107619,49.278599,-123.140519905,49.2086241686,user_751,1900-01-01 09:00:00
-123.115187022,49.280596449499996,-123.120406933,49.287520281999996,user_752,1900-01-01 08:20:00
-123.110750647,49.2259042666,-123.089731102,49.2765786555,user_753,1900-01-01 08:40:00
-123.076404974,49.240209147399995,-123.07615219700001,49.2484807388,user_754,1900-01-01 09:15:00
-123.08666271700001,49.2662191558,-123.109418687,49.2692955087,user_755,1900-01-01 07:55:00
-123.177687265,49.2684961117,-123.08666271700001,49.2662191558,user_756,1900-01-01 09:40:00
-123.054750496,49.2248164751,-123.12906961899999,49.281790333000004,user_757,1900-01-01 07:05:00
-123.115059975,49.2109621289,-123.10002805100001,49.272776245799996,user_758,1900-01-01 08:40:00
-123.089731102,49.2765786555,-123.07615219700001,49.2484807388,user_759,1900-01-01 08:35:00
-123.115187022,49.280596449499996,-123.1065726,49.2692739898,user_760,1900-01-01 09:40:00
-123.100997658,49.2620105139,-123.115576462,49.2765265229,user_761,1900-01-01 08:00:00
-123.087357988,49.276536586499994,-123.120082757,49.2837644604,user_762,1900-01-01 09:25:00
-123.09981243200001,49.277670830699996,-123.120803418,49.281996201999995,user_763,1900-01-01 08:40:00
-123.10002805100001,49.272776245799996,-123.11582735299999,49.2865771241,user_764,1900-01-01 08:15:00
-123.168281715,49.269261076599996,-123.13119697799999,49.280384005500004,user_765,1900-01-01 08:00:00
-123.087357988,49.276536586499994,-123.125206834,49.2765088429,user_766,1900-01-01 09:20:00
-123.123615666,49.2775630379,-123.115576462,49.2765265229,user_767,1900-01-01 09:05:00
-123.13119697799999,49.280384005500004,-123.069850885,49.257750086,user_768,1900-01-01 09:45:00
-123.140519905,49.2086241686,-123.09034654700001,49.2403060841,user_769,1900-01-01 09:05:00
-123.121421539,49.280311269799995,-123.091683441,49.2766128247,user_770,1900-01-01 08:50:00
-123.076404974,49.240209147399995,-123.104439429,49.279245665699996,user_771,1900-01-01 08:50:00
-123.115420183,49.282982340699995,-123.087444901,49.2706708206,user_772,1900-01-01 08:10:00
-123.11750297200001,49.2632604788,-123.107619,49.278599,user_773,1900-01-01 08:30:00
-123.096325371,49.2666314992,-123.08666271700001,49.2662191558,user_774,1900-01-01 07:45:00
-123.09538159799999,49.2812570658,-123.101632015,49.2256631115,user_775,1900-01-01 07:30:00
-123.122752149,49.2888021267,-123.126693961,49.260580178299996,user_776,1900-01-01 08:15:00
-123.10002805100001,49.272776245799996,-123.15529746,49.2638665649,user_777,1900-01-01 07:50:00
-123.089731102,49.2765786555,-123.10845519700001,49.2812383835,user_778,1900-01-01 08:35:00
-123.168174255,49.2640703614,-123.11634291899999,49.2298159007,user_779,1900-01-01 07:50:00
-123.089731102,49.2765786555,-123.16826699999999,49.263222,user_780,1900-01-01 09:35:00
-123.16785,49.248146999999996,-123.099514003,49.262859212799995,user_781,1900-01-01 09:55:00
-123.06589199999999,49.220281,-123.126693961,49.260580178299996,user_782,1900-01-01 09:25:00
-123.087357988,49.276536586499994,-123.054750496,49.2248164751,user_783,1900-01-01 09:20:00
-123.139843258,49.2269657796,-123.130384076,49.2756782312,user_784,1900-01-01 07:35:00
-123.170258318,49.2347410725,-123.07609869299999,49.2501130929,user_785,1900-01-01 08:25:00
-123.065753555,49.269568195299996,-123.140519905,49.2086241686,user_786,1900-01-01 07:30:00
-123.101921386,49.2749544675,-123.115576462,49.2765265229,user_787,1900-01-01 09:15:00
-123.112827576,49.2648206349,-123.077052906,49.2830681576,user_788,1900-01-01 09:15:00
-123.07744527,49.26518502890001,-123.089731102,49.2765786555,user_789,1900-01-01 07:55:00
-123.16785,49.248146999999996,-123.089118945,49.2624736634,user_790,1900-01-01 09:20:00
-123.087444901,49.2706708206,-123.11047467899999,49.2778791449,user_791,1900-01-01 07:05:00
-123.112899724,49.263181979799995,-123.08666271700001,49.2662191558,user_792,1900-01-01 09:05:00
-123.099847466,49.2767663437,-123.11843675,49.241083886400006,user_793,1900-01-01 08:45:00
-123.18533904700001,49.2347662113,-123.11634291899999,49.2298159007,user_794,1900-01-01 08:25:00
-123.120082757,49.2837644604,-123.089502141,49.271017863000004,user_795,1900-01-01 09:05:00
-123.099847466,49.2767663437,-123.126693961,49.260580178299996,user_796,1900-01-01 08:30:00
-123.089118945,49.2624736634,-123.10002805100001,49.272776245799996,user_797,1900-01-01 09:15:00
-123.112899724,49.263181979799995,-123.185185908,49.250060737,user_798,1900-01-01 07:35:00
-123.112899724,49.263181979799995,-123.100997658,49.2620105139,user_799,1900-01-01 07:30:00
-123.069850885,49.257750086,-123.177687265,49.2684961117,user_800,1900-01-01 08:00:00
-123.140519905,49.2086241686,-123.13119697799999,49.280384005500004,user_801,1900-01-01 08:05:00
-123.14112527700001,49.2608114862,-123.077052906,49.2830681576,user_802,1900-01-01 09:15:00
-123.06960560899999,49.2705090582,-123.120082757,49.2837644604,user_803,1900-01-01 07:55:00
-123.06589199999999,49.220281,-123.08370093399999,49.2538475995,user_804,1900-01-01 08:15:00
-123.120803418,49.281996201999995,-123.054750496,49.2248164751,user_805,1900-01-01 09:40:00
-123.10002805100001,49.272776245799996,-123.120082757,49.2837644604,user_806,1900-01-01 08:05:00
-123.099847466,49.2767663437,-123.138491261,49.2653469543,user_807,1900-01-01 08:35:00
-123.18533904700001,49.2347662113,-123.101632015,49.2256631115,user_808,1900-01-01 08:55:00
-123.120406933,49.287520281999996,-123.168174255,49.2640703614,user_809,1900-01-01 07:50:00
-123.123615666,49.2775630379,-123.139843258,49.2269657796,user_810,1900-01-01 08:10:00
-123.089118945,49.2624736634,-123.09034654700001,49.2403060841,user_811,1900-01-01 09:25:00
-123.089502141,49.271017863000004,-123.09034654700001,49.2403060841,user_812,1900-01-01 08:55:00
-123.099847466,49.2767663437,-123.08370093399999,49.2538475995,user_813,1900-01-01 08:10:00
-123.09981243200001,49.277670830699996,-123.123382958,49.2815805258,user_814,1900-01-01 08:20:00
-123.107619,49.278599,-123.115187022,49.280596449499996,user_815,1900-01-01 08:10:00
-123.07744527,49.26518502890001,-123.065753555,49.269568195299996,user_816,1900-01-01 09:20:00
-123.138491261,49.2653469543,-123.08666271700001,49.2662191558,user_817,1900-01-01 08:55:00
-123.07744527,49.26518502890001,-123.11750297200001,49.2632604788,user_818,1900-01-01 08:15:00
-123.07744527,49.26518502890001,-123.100657499,49.2701171877,user_819,1900-01-01 08:35:00
-123.10002805100001,49.272776245799996,-123.077052906,49.2830681576,user_820,1900-01-01 08:20:00
-123.16785,49.248146999999996,-123.065753555,49.269568195299996,user_821,1900-01-01 09:10:00
-123.100997658,49.2620105139,-123.109418687,49.2692955087,user_822,1900-01-01 08:35:00
-123.112827576,49.2648206349,-123.128315696,49.2265526221,user_823,1900-01-01 08:45:00
-123.125206834,49.2765088429,-123.115576462,49.2765265229,user_824,1900-01-01 07:15:00
-123.123752595,49.2853080821,-123.101921386,49.2749544675,user_825,1900-01-01 08:20:00
-123.107619,49.278599,-123.065356616,49.239225613,user_826,1900-01-01 09:10:00
-123.121790625,49.282634398999996,-123.06589199999999,49.220281,user_827,1900-01-01 08:15:00
-123.065356616,49.239225613,-123.087444901,49.2706708206,user_828,1900-01-01 07:30:00
-123.107619,49.278599,-123.119280655,49.274517794,user_829,1900-01-01 08:40:00
-123.116809099,49.2859282137,-123.101921386,49.2749544675,user_830,1900-01-01 08:30:00
-123.128315696,49.2265526221,-123.121672429,49.2763069078,user_831,1900-01-01 08:00:00
-123.08666271700001,49.2662191558,-123.10997160299999,49.281509881999995,user_832,1900-01-01 08:55:00
-123.054750496,49.2248164751,-123.087357988,49.276536586499994,user_833,1900-01-01 08:30:00
-123.100657499,49.2701171877,-123.06970926,49.265075698100006,user_834,1900-01-01 07:50:00
-123.112899724,49.263181979799995,-123.138491261,49.2653469543,user_835,1900-01-01 09:15:00
-123.12906961899999,49.281790333000004,-123.076404974,49.240209147399995,user_836,1900-01-01 07:00:00
-123.033980561,49.244557573,-123.07615219700001,49.2484807388,user_837,1900-01-01 09:50:00
-123.07744527,49.26518502890001,-123.11582735299999,49.2865771241,user_838,1900-01-01 08:10:00
-123.141019668,49.263637379399995,-123.033980561,49.244557573,user_839,1900-01-01 08:25:00
-123.110750647,49.2259042666,-123.07744527,49.26518502890001,user_840,1900-01-01 07:15:00
-123.1065726,49.2692739898,-123.07609869299999,49.2501130929,user_841,1900-01-01 07:50:00
-123.065753555,49.269568195299996,-123.065753555,49.269568195299996,user_842,1900-01-01 09:20:00
-123.058719415,49.2397773113,-123.120803418,49.281996201999995,user_843,1900-01-01 07:20:00
-123.089118945,49.2624736634,-123.07615219700001,49.2484807388,user_844,1900-01-01 07:00:00
-123.109418687,49.2692955087,-123.101632015,49.2256631115,user_845,1900-01-01 09:45:00
-123.138557673,49.263597882700005,-123.07744527,49.26518502890001,user_846,1900-01-01 07:55:00
-123.087444901,49.2706708206,-123.121790625,49.282634398999996,user_847,1900-01-01 08:00:00
-123.115187022,49.280596449499996,-123.115576462,49.2765265229,user_848,1900-01-01 09:55:00
-123.10997160299999,49.281509881999995,-123.118374355,49.2848939841,user_849,1900-01-01 07:10:00
-123.109418687,49.2692955087,-123.177687265,49.2684961117,user_850,1900-01-01 08:25:00
-123.099514003,49.262859212799995,-123.139843258,49.2269657796,user_851,1900-01-01 07:25:00
-123.115576462,49.2765265229,-123.098200891,49.2677637474,user_852,1900-01-01 07:40:00
-123.09034654700001,49.2403060841,-123.140519905,49.2086241686,user_853,1900-01-01 08:40:00
-123.139843258,49.2269657796,-123.099847466,49.2767663437,user_854,1900-01-01 09:50:00
-123.120803418,49.281996201999995,-123.087444901,49.2706708206,user_855,1900-01-01 09:10:00
-123.10002805100001,49.272776245799996,-123.054750496,49.2248164751,user_856,1900-01-01 09:05:00
-123.18533904700001,49.2347662113,-123.06589199999999,49.220281,user_857,1900-01-01 09:00:00
-123.120082757,49.2837644604,-123.121672429,49.2763069078,user_858,1900-01-01 09:00:00
-123.100657499,49.2701171877,-123.12301383399999,49.2792581479,user_859,1900-01-01 08:55:00
-123.113478191,49.2817260008,-123.123752595,49.2853080821,user_860,1900-01-01 07:20:00
-123.076404974,49.240209147399995,-123.100997658,49.2620105139,user_861,1900-01-01 08:20:00
-123.107619,49.278599,-123.07609869299999,49.2501130929,user_862,1900-01-01 07:25:00
-123.123382958,49.2815805258,-123.177687265,49.2684961117,user_863,1900-01-01 09:30:00
-123.09538159799999,49.2812570658,-123.09695776299999,49.2776183728,user_864,1900-01-01 08:05:00
-123.11634291899999,49.2298159007,-123.104439429,49.279245665699996,user_865,1900-01-01 07:30:00
-123.09077388799999,49.225471775600006,-123.096325371,49.2666314992,user_866,1900-01-01 08:55:00
-123.12419047600001,49.2633680021,-123.089502141,49.271017863000004,user_867,1900-01-01 07:20:00
-123.10465900000001,49.269245,-123.115576462,49.2765265229,user_868,1900-01-01 09:15:00
-123.07609869299999,49.2501130929,-123.141019668,49.263637379399995,user_869,1900-01-01 08:15:00
-123.091683441,49.2766128247,-123.09034654700001,49.2403060841,user_870,1900-01-01 09:15:00
-123.07615219700001,49.2484807388,-123.07615219700001,49.2484807388,user_871,1900-01-01 08:40:00
-123.07744527,49.26518502890001,-123.13119697799999,49.280384005500004,user_872,1900-01-01 09:20:00
-123.107619,49.278599,-123.08370093399999,49.2538475995,user_873,1900-01-01 09:20:00
-123.13122604,49.2901445271,-123.123615666,49.2775630379,user_874,1900-01-01 09:50:00
-123.120082757,49.2837644604,-123.109418687,49.2692955087,user_875,1900-01-01 09:15:00
-123.126693961,49.260580178299996,-123.177687265,49.2684961117,user_876,1900-01-01 08:45:00
-123.089118945,49.2624736634,-123.065356616,49.239225613,user_877,1900-01-01 07:50:00
-123.120082757,49.2837644604,-123.10465900000001,49.269245,user_878,1900-01-01 07:00:00
-123.099847466,49.2767663437,-123.06561614200001,49.277534592799995,user_879,1900-01-01 07:05:00
-123.076404974,49.240209147399995,-123.099847466,49.2767663437,user_880,1900-01-01 07:25:00
-123.100997658,49.2620105139,-123.07744527,49.26518502890001,user_881,1900-01-01 07:30:00
-123.089118945,49.2624736634,-123.12419047600001,49.2633680021,user_882,1900-01-01 07:00:00
-123.07615219700001,49.2484807388,-123.11848761200001,49.2784121584,user_883,1900-01-01 07:15:00
-123.089118945,49.2624736634,-123.141019668,49.263637379399995,user_884,1900-01-01 08:45:00
-123.07615219700001,49.2484807388,-123.21502423,49.26910378310001,user_885,1900-01-01 09:30:00
-123.069850885,49.257750086,-123.134931871,49.2828014946,user_886,1900-01-01 07:20:00
-123.116887845,49.2794630128,-123.130384076,49.2756782312,user_887,1900-01-01 07:50:00
-123.120082757,49.2837644604,-123.054750496,49.2248164751,user_888,1900-01-01 08:45:00
-123.1065726,49.2692739898,-123.18533904700001,49.2347662113,user_889,1900-01-01 07:20:00
-123.109418687,49.2692955087,-123.11597598600001,49.2748617251,user_890,1900-01-01 07:50:00
-123.122752149,49.2888021267,-123.14112527700001,49.2608114862,user_891,1900-01-01 09:10:00
-123.065753555,49.269568195299996,-123.112827576,49.2648206349,user_892,1900-01-01 07:55:00
-123.11848761200001,49.2784121584,-123.113478191,49.2817260008,user_893,1900-01-01 09:10:00
-123.11047467899999,49.2778791449,-123.18533904700001,49.2347662113,user_894,1900-01-01 08:00:00
-123.07615219700001,49.2484807388,-123.099847466,49.2767663437,user_895,1900-01-01 07:35:00
-123.141019668,49.263637379399995,-123.120082757,49.2837644604,user_896,1900-01-01 09:55:00
-123.087357988,49.276536586499994,-123.1065726,49.2692739898,user_897,1900-01-01 08:55:00
-123.11750297200001,49.2632604788,-123.11843675,49.241083886400006,user_898,1900-01-01 07:35:00
-123.12280895,49.283295636000005,-123.15529746,49.2638665649,user_899,1900-01-01 07:35:00
-123.10997160299999,49.281509881999995,-123.054750496,49.2248164751,user_900,1900-01-01 09:35:00
-123.12419047600001,49.2633680021,-123.065356616,49.239225613,user_901,1900-01-01 08:30:00
-123.054750496,49.2248164751,-123.1065726,49.2692739898,user_902,1900-01-01 07:05:00
-123.100657499,49.2701171877,-123.09981243200001,49.277670830699996,user_903,1900-01-01 08:15:00
-123.10002805100001,49.272776245799996,-123.115576462,49.2765265229,user_904,1900-01-01 08:20:00
-123.091683441,49.2766128247,-123.12280895,49.283295636000005,user_905,1900-01-01 09:55:00
-123.11047467899999,49.2778791449,-123.126624985,49.2624401125,user_906,1900-01-01 07:25:00
-123.099847466,49.2767663437,-123.115059975,49.2109621289,user_907,1900-01-01 09:50:00
-123.138557673,49.263597882700005,-123.130384076,49.2756782312,user_908,1900-01-01 07:35:00
-123.119280655,49.274517794,-123.14112527700001,49.2608114862,user_909,1900-01-01 08:50:00
-123.10997160299999,49.281509881999995,-123.091683441,49.2766128247,user_910,1900-01-01 09:25:00
-123.06970926,49.265075698100006,-123.140519905,49.2086241686,user_911,1900-01-01 07:20:00
-123.109418687,49.2692955087,-123.139843258,49.2269657796,user_912,1900-01-01 07:10:00
-123.100997658,49.2620105139,-123.09538159799999,49.2812570658,user_913,1900-01-01 09:45:00
-123.099847466,49.2767663437,-123.170258318,49.2347410725,user_914,1900-01-01 08:00:00
-123.104439429,49.279245665699996,-123.09993285899999,49.2749235159,user_915,1900-01-01 07:40:00
-123.13119697799999,49.280384005500004,-123.10997160299999,49.281509881999995,user_916,1900-01-01 09:30:00
-123.12280895,49.283295636000005,-123.130384076,49.2756782312,user_917,1900-01-01 07:40:00
-123.115059975,49.2109621289,-123.08370093399999,49.2538475995,user_918,1900-01-01 08:30:00
-123.128783723,49.276737374300005,-123.077052906,49.2830681576,user_919,1900-01-01 07:00:00
-123.16826699999999,49.263222,-123.087444901,49.2706708206,user_920,1900-01-01 07:25:00
-123.089731102,49.2765786555,-123.123752595,49.2853080821,user_921,1900-01-01 09:00:00
-123.089118945,49.2624736634,-123.058719415,49.2397773113,user_922,1900-01-01 09:00:00
-123.122005399,49.286463337,-123.123382958,49.2815805258,user_923,1900-01-01 07:05:00
-123.15529746,49.2638665649,-123.122005399,49.286463337,user_924,1900-01-01 07:05:00
-123.16785,49.248146999999996,-123.125206834,49.2765088429,user_925,1900-01-01 08:00:00
-123.099847466,49.2767663437,-123.099847466,49.2767663437,user_926,1900-01-01 09:00:00
-123.087444901,49.2706708206,-123.16826699999999,49.263222,user_927,1900-01-01 08:55:00
-123.13119697799999,49.280384005500004,-123.101921386,49.2749544675,user_928,1900-01-01 07:30:00
-123.07609869299999,49.2501130929,-123.07609869299999,49.2501130929,user_929,1900-01-01 07:45:00
-123.099847466,49.2767663437,-123.120082757,49.2837644604,user_930,1900-01-01 08:55:00
-123.139843258,49.2269657796,-123.112899724,49.263181979799995,user_931,1900-01-01 08:50:00
-123.089731102,49.2765786555,-123.077052906,49.2830681576,user_932,1900-01-01 08:55:00
-123.123382958,49.2815805258,-123.138557673,49.263597882700005,user_933,1900-01-01 08:40:00
-123.058719415,49.2397773113,-123.109418687,49.2692955087,user_934,1900-01-01 09:50:00
-123.09538159799999,49.2812570658,-123.089118945,49.2624736634,user_935,1900-01-01 09:35:00
-123.069850885,49.257750086,-123.06589199999999,49.220281,user_936,1900-01-01 07:25:00
-123.069655369,49.267792425,-123.119139478,49.288358929,user_937,1900-01-01 07:40:00
-123.06561614200001,49.277534592799995,-123.089502141,49.271017863000004,user_938,1900-01-01 08:35:00
-123.091683441,49.2766128247,-123.168174255,49.2640703614,user_939,1900-01-01 09:20:00
-123.089118945,49.2624736634,-123.13119697799999,49.280384005500004,user_940,1900-01-01 08:05:00
-123.099847466,49.2767663437,-123.099514003,49.262859212799995,user_941,1900-01-01 09:45:00
-123.100997658,49.2620105139,-123.033980561,49.244557573,user_942,1900-01-01 08:25:00
-123.077052906,49.2830681576,-123.08666271700001,49.2662191558,user_943,1900-01-01 09:15:00
-123.065356616,49.239225613,-123.065753555,49.269568195299996,user_944,1900-01-01 07:25:00
-123.134422485,49.2810795745,-123.10002805100001,49.272776245799996,user_945,1900-01-01 07:40:00
-123.112827576,49.2648206349,-123.12619856200001,49.277150470100004,user_946,1900-01-01 08:10:00
-123.089502141,49.271017863000004,-123.177687265,49.2684961117,user_947,1900-01-01 09:00:00
-123.121790625,49.282634398999996,-123.087357988,49.276536586499994,user_948,1900-01-01 07:10:00
-123.134931871,49.2828014946,-123.16785,49.248146999999996,user_949,1900-01-01 08:15:00
-123.11751723100001,49.277783468500004,-123.09034654700001,49.2403060841,user_950,1900-01-01 08:50:00
-123.099514003,49.262859212799995,-123.054750496,49.2248164751,user_951,1900-01-01 08:30:00
-123.11750297200001,49.2632604788,-123.101632015,49.2256631115,user_952,1900-01-01 08:30:00
-123.100997658,49.2620105139,-123.07744527,49.26518502890001,user_953,1900-01-01 08:35:00
-123.087357988,49.276536586499994,-123.10465900000001,49.269245,user_954,1900-01-01 08:50:00
-123.10465900000001,49.269245,-123.125206834,49.2765088429,user_955,1900-01-01 08:45:00
-123.099847466,49.2767663437,-123.08666271700001,49.2662191558,user_956,1900-01-01 09:20:00
-123.12419047600001,49.2633680021,-123.130384076,49.2756782312,user_957,1900-01-01 08:30:00
-123.100657499,49.2701171877,-123.11582735299999,49.2865771241,user_958,1900-01-01 07:35:00
-123.119280655,49.274517794,-123.077052906,49.2830681576,user_959,1900-01-01 08:55:00
-123.087357988,49.276536586499994,-123.104439429,49.279245665699996,user_960,1900-01-01 09:50:00
-123.107619,49.278599,-123.121790625,49.282634398999996,user_961,1900-01-01 08:55:00
-123.07609869299999,49.2501130929,-123.120082757,49.2837644604,user_962,1900-01-01 08:55:00
-123.128315696,49.2265526221,-123.069850885,49.257750086,user_963,1900-01-01 09:55:00
-123.110750647,49.2259042666,-123.126624985,49.2624401125,user_964,1900-01-01 07:50:00
-123.168174255,49.2640703614,-123.08666271700001,49.2662191558,user_965,1900-01-01 08:05:00
-123.077052906,49.2830681576,-123.115576462,49.2765265229,user_966,1900-01-01 08:20:00
-123.089118945,49.2624736634,-123.10002805100001,49.272776245799996,user_967,1900-01-01 08:40:00
-123.087444901,49.2706708206,-123.16785,49.248146999999996,user_968,1900-01-01 09:35:00
-123.11750297200001,49.2632604788,-123.115576462,49.2765265229,user_969,1900-01-01 07:45:00
-123.104344,49.281501,-123.116887845,49.2794630128,user_970,1900-01-01 08:40:00
-123.089118945,49.2624736634,-123.096325371,49.2666314992,user_971,1900-01-01 08:15:00
-123.128783723,49.276737374300005,-123.120803418,49.281996201999995,user_972,1900-01-01 07:00:00
-123.099847466,49.2767663437,-123.168281715,49.269261076599996,user_973,1900-01-01 07:20:00
-123.076404974,49.240209147399995,-123.089502141,49.271017863000004,user_974,1900-01-01 09:30:00
-123.15529746,49.2638665649,-123.10845519700001,49.2812383835,user_975,1900-01-01 08:50:00
-123.140519905,49.2086241686,-123.096325371,49.2666314992,user_976,1900-01-01 09:25:00
-123.10002805100001,49.272776245799996,-123.128783723,49.276737374300005,user_977,1900-01-01 07:45:00
-123.11848761200001,49.2784121584,-123.11843675,49.241083886400006,user_978,1900-01-01 08:40:00
-123.13119697799999,49.280384005500004,-123.120082757,49.2837644604,user_979,1900-01-01 09:45:00
-123.101632015,49.2256631115,-123.101632015,49.2256631115,user_980,1900-01-01 09:15:00
-123.101632015,49.2256631115,-123.11634291899999,49.2298159007,user_981,1900-01-01 07:00:00
-123.08666271700001,49.2662191558,-123.07609869299999,49.2501130929,user_982,1900-01-01 08:00:00
-123.115420183,49.282982340699995,-123.18533904700001,49.2347662113,user_983,1900-01-01 07:40:00
-123.07615219700001,49.2484807388,-123.091683441,49.2766128247,user_984,1900-01-01 08:15:00
-123.069655369,49.267792425,-123.08666271700001,49.2662191558,user_985,1900-01-01 07:15:00
-123.115059975,49.2109621289,-123.100657499,49.2701171877,user_986,1900-01-01 07:10:00
-123.12619856200001,49.277150470100004,-123.141019668,49.263637379399995,user_987,1900-01-01 08:00:00
-123.125206834,49.2765088429,-123.076404974,49.240209147399995,user_988,1900-01-01 08:45:00
-123.16826699999999,49.263222,-123.077052906,49.2830681576,user_989,1900-01-01 09:45:00
-123.06983329299999,49.258655168000004,-123.11047467899999,49.2778791449,user_990,1900-01-01 08:35:00
-123.11634291899999,49.2298159007,-123.112899724,49.263181979799995,user_991,1900-01-01 09:00:00
-123.21502423,49.26910378310001,-123.100997658,49.2620105139,user_992,1900-01-01 08:15:00
-123.1065726,49.2692739898,-123.100997658,49.2620105139,user_993,1900-01-01 08:55:00
-123.10997160299999,49.281509881999995,-123.07609869299999,49.2501130929,user_994,1900-01-01 08:40:00
-123.126624985,49.2624401125,-123.091683441,49.2766128247,user_995,1900-01-01 08:15:00
-123.10845519700001,49.2812383835,-123.101921386,49.2749544675,user_996,1900-01-01 07:55:00
-123.120803418,49.281996201999995,-123.054750496,49.2248164751,user_997,1900-01-01 08:25:00
-123.1065726,49.2692739898,-123.08666271700001,49.2662191558,user_998,1900-01-01 07:40:00
-123.069850885,49.257750086,-123.07609869299999,49.2501130929,user_999,1900-01-01 09:20:00
